Ano,Mês,Processo,AnoDoProcesso,Tipo_PF_PJ,CPF_CNPJ,Substância,UF,CodigoMunicipio,Município,QuantidadeComercializada,UnidadeDeMedida,ValorRecolhido,DataCriacao
2022,1,833597.0,2006.0,PJ,01969976000130,AREIA,MG,3168606,TEÓFILO OTONI,105,t  ,"125,7",2021-12-31 06:28:00
2022,1,833597.0,2006.0,PJ,01969976000130,AREIA,MG,3168606,TEÓFILO OTONI,70,t  ,"61,18",2021-12-31 06:42:00
2022,1,833597.0,2006.0,PJ,01969976000130,AREIA,MG,3168606,TEÓFILO OTONI,"128,8",t  ,"94,67",2021-12-31 06:26:00
2022,1,833597.0,2006.0,PJ,01969976000130,AREIA,MG,3168606,TEÓFILO OTONI,"165,2",t  ,"135,25",2021-12-31 06:43:00
2022,1,833597.0,2006.0,PJ,01969976000130,AREIA,MG,3168606,TEÓFILO OTONI,105,t  ,"80,67",2021-12-31 06:13:00
2022,1,834323.0,2007.0,PJ,03933619000147,GRANITO,MG,3156502,RUBELITA,"385,73",t  ,"10149,6",2021-12-21 09:51:00
2022,1,830195.0,2003.0,PJ,15783338000134,GRANITO,MG,3156502,RUBELITA,"166,58",m3 ,"4265,95",2021-12-27 09:51:00
2022,1,833804.0,2008.0,PJ,25897802000177,ARGILA,MG,3169703,TURMALINA,450000,kg ,90,2021-12-17 11:50:00
2022,1,830683.0,2015.0,PJ,03478696000154,AREIA,MG,3168606,TEÓFILO OTONI,"318,16",t  ,"111,2",2022-01-11 08:35:00
2022,1,830653.0,2012.0,PF,***056077**,AREIA,MG,3171600,VIRGEM DA LAPA,480,t  ,"59,61",2022-01-06 15:55:00
2022,1,832586.0,2009.0,PJ,09094556000169,GRANITO,MG,3119500,CORONEL MURTA,"12,26",m3 ,"116,13",2022-01-12 13:52:00
2022,1,832119.0,1986.0,PJ,42794263000160,FELDSPATO,MG,3157005,SALINAS,"94,25",m3 ,"14255,9",2022-01-24 14:17:00
2022,1,830924.0,2015.0,PF,***046805**,AREIA,MG,3169703,TURMALINA,"454,5",t  ,"122,45",2022-01-24 20:43:00
2022,1,831071.0,2017.0,PJ,25102005000156,ARGILA,MG,3168606,TEÓFILO OTONI,360,t  ,"142,51",2022-01-26 15:01:00
2022,1,830805.0,2017.0,PJ,25102005000156,ARGILA,MG,3168606,TEÓFILO OTONI,101,t  ,"78,62",2022-01-25 10:22:00
2022,1,831415.0,2004.0,PJ,42837484000178,GRANITO,MG,3103405,ARAÇUAÍ,"12,4",m3 ,"136,48",2022-01-10 16:25:00
2022,1,832358.0,2008.0,PJ,01902521000105,ARGILA,MG,3169703,TURMALINA,1000,t  ,"40,31",2022-01-24 15:19:00
2022,1,832100.0,2006.0,PJ,03087551000122,GNAISSE,MG,3168606,TEÓFILO OTONI,"9956,15",t  ,"145,62",2022-01-05 13:59:00
2022,1,831501.0,2003.0,PJ,04867725000132,XISTO,MG,3134004,ITINGA,"8,38",m3 ,"3167,52",2022-01-31 14:33:00
2022,1,821951.0,1969.0,PJ,05106351000103,FELDSPATO,MG,3134004,ITINGA,"30,7",m3 ,"5459,55",2022-01-31 16:11:00
2022,1,832854.0,2003.0,PJ,05591773000103,GRANITO,MG,3134004,ITINGA,"64,57",m3 ,"4235,74",2022-01-14 10:09:00
2022,1,832779.0,2010.0,PJ,05591773000103,GRANITO,MG,3156502,RUBELITA,"11,19",m3 ,"520,25",2022-01-14 10:11:00
2022,1,831039.0,2012.0,PJ,10831894000115,AREIA,MG,3141801,MINAS NOVAS,"0,55",t  ,184,2022-01-14 15:52:00
2022,1,831039.0,2012.0,PJ,10831894000115,AREIA,MG,3141801,MINAS NOVAS,"0,63",t  ,"166,89",2022-01-07 16:28:00
2022,1,832033.0,2009.0,PJ,11430465000107,AREIA,MG,3103405,ARAÇUAÍ,"901,6",t  ,"187,82",2022-01-18 15:23:00
2022,1,830195.0,2003.0,PJ,15783338000134,GRANITO,MG,3156502,RUBELITA,"11,19",m3 ,"286,44",2022-01-31 16:14:00
2022,1,930078.0,1997.0,PJ,21228861000100,GRAFITA,MG,3148707,PEDRA AZUL,"98,32",t  ,"17806,08",2022-01-10 08:37:00
2022,1,832983.0,2011.0,PJ,25482167000167,ARGILA,MG,3169703,TURMALINA,600,t  ,"24,19",2022-01-24 15:30:00
2022,1,833804.0,2008.0,PJ,25897802000177,ARGILA,MG,3169703,TURMALINA,320000,kg ,64,2022-01-18 10:37:00
2022,1,831608.0,2002.0,PJ,39365754000180,GRANITO,MG,3134004,ITINGA,"213,57",m3 ,"2597,84",2022-01-28 13:17:00
2022,2,830312.0,2013.0,PJ,18640227000167,ARGILA,MG,3157005,SALINAS,22,t  ,"375,28",2022-02-03 09:56:00
2022,2,830312.0,2013.0,PJ,18640227000167,ARGILA,MG,3157005,SALINAS,22,t  ,"777,81",2022-02-03 09:54:00
2022,2,832222.0,2012.0,PJ,21373593000101,GRANITO,MG,3119500,CORONEL MURTA,"26,47",t  ,"115,19",2022-02-10 14:38:00
2022,2,833804.0,2008.0,PJ,25897802000177,ARGILA,MG,3169703,TURMALINA,350000,kg ,70,2022-02-17 10:12:00
2022,2,830683.0,2015.0,PJ,03478696000154,AREIA,MG,3168606,TEÓFILO OTONI,"305,04",t  ,"113,3",2022-02-04 08:34:00
2022,2,830893.0,2013.0,PJ,22108450000135,GNAISSE,MG,3157005,SALINAS,"3508,59",m3 ,"1524,59",2022-02-18 10:21:00
2022,2,831424.0,2013.0,PJ,19296734000198,QUARTZO,MG,3156502,RUBELITA,"30,74",m3 ,"3472,24",2022-02-22 09:17:00
2022,2,830016.0,2004.0,PJ,39282298000105,GRANITO,MG,3119500,CORONEL MURTA,"9,22",m3 ,"133,34",2022-02-08 17:32:00
2022,2,831459.0,1986.0,PJ,71333736000120,GRANITO,MG,3141405,MEDINA,"333,37",m3 ,"8528,43",2022-02-18 16:44:00
2022,2,830089.0,2000.0,PJ,36346393000137,GRANITO,MG,3134004,ITINGA,"55,7",m3 ,"1155,41",2022-02-22 14:07:00
2022,2,832100.0,2006.0,PJ,03087551000122,GNAISSE,MG,3168606,TEÓFILO OTONI,"18263,69",t  ,"267,12",2022-02-07 09:24:00
2022,2,830185.0,2010.0,PJ,04180718000168,GRANITO,MG,3156502,RUBELITA,"11,4",m3 ,"486,25",2022-02-23 13:51:00
2022,2,832854.0,2003.0,PJ,05591773000103,GRANITO,MG,3134004,ITINGA,89,m3 ,"5597,1",2022-02-24 11:10:00
2022,2,833956.0,2012.0,PJ,07956583000178,GNAISSE,MG,3139201,MALACACHETA,"123,52",m3 ,"5378,75",2022-02-07 16:57:00
2022,2,832586.0,2009.0,PJ,09094556000169,GRANITO,MG,3119500,CORONEL MURTA,"25,59",m3 ,"242,52",2022-02-07 09:32:00
2022,2,833857.0,2011.0,PJ,12294384000181,GRANITO,MG,3168606,TEÓFILO OTONI,"11,24",m3 ,"304,14",2022-02-25 17:04:00
2022,2,831032.0,2009.0,PJ,13513299000120,GRANITO,MG,3103405,ARAÇUAÍ,"43,35",m3 ,"1119,51",2022-02-21 11:50:00
2022,2,930078.0,1997.0,PJ,21228861000100,GRAFITA,MG,3148707,PEDRA AZUL,"54,22",t  ,"14670,47",2022-02-07 08:51:00
2022,2,930078.0,1997.0,PJ,21228861000100,GRAFITA,MG,3148707,PEDRA AZUL,"3241,21",t  ,"254868,04",2022-02-07 08:48:00
2022,2,807022.0,1971.0,PJ,21624671000101,ESPODUMÊNIO,MG,3134004,ITINGA,"2192,64",t  ,"149131,01",2022-02-23 10:26:00
2022,2,831071.0,2017.0,PJ,25102005000156,ARGILA,MG,3168606,TEÓFILO OTONI,356,t  ,"134,78",2022-02-15 10:43:00
2022,3,831501.0,2003.0,PJ,04867725000132,XISTO,MG,3134004,ITINGA,"0,01",m3 ,"203,67",2022-03-02 09:29:00
2022,3,803441.0,1974.0,PJ,05106351000103,FELDSPATO,MG,3134004,ITINGA,"19485,24",kg ,"2428,3",2022-03-02 10:09:00
2022,3,830195.0,2003.0,PJ,15783338000134,GRANITO,MG,3156502,RUBELITA,"154,69",m3 ,"3935,14",2022-03-02 10:27:00
2022,3,832119.0,1986.0,PJ,42794263000160,FELDSPATO,MG,3157005,SALINAS,"185,63",m3 ,"31046,98",2022-03-04 11:38:00
2022,3,831071.0,2017.0,PJ,25102005000156,ARGILA,MG,3168606,TEÓFILO OTONI,"188,4",t  ,"90,25",2022-03-07 08:38:00
2022,3,831071.0,2017.0,PJ,25102005000156,ARGILA,MG,3168606,TEÓFILO OTONI,187,t  ,"97,49",2022-03-07 08:05:00
2022,3,832966.0,2009.0,PJ,14377622000148,AREIA,MG,3171600,VIRGEM DA LAPA,"246073,66",t  ,"232,82",2022-03-11 09:44:00
2022,3,831071.0,2017.0,PJ,25102005000156,ARGILA,MG,3168606,TEÓFILO OTONI,206,t  ,"112,32",2022-03-11 12:03:00
2022,3,831680.0,2012.0,PJ,01902521000105,ARGILA,MG,3169703,TURMALINA,500,t  ,"40,4",2022-03-07 07:32:00
2022,3,832358.0,2008.0,PJ,01902521000105,ARGILA,MG,3169703,TURMALINA,400,t  ,"32,32",2022-03-07 07:54:00
2022,3,832358.0,2008.0,PJ,01902521000105,ARGILA,MG,3169703,TURMALINA,1000,t  ,"80,79",2022-03-07 07:49:00
2022,3,831922.0,2005.0,PJ,01902521000105,ARGILA REFRATÁRIA,MG,3169703,TURMALINA,3000,t  ,"242,38",2022-03-07 08:03:00
2022,3,832983.0,2011.0,PJ,25482167000167,ARGILA,MG,3169703,TURMALINA,1000,t  ,"80,79",2022-03-07 08:09:00
2022,3,832119.0,1986.0,PJ,42794263000160,FELDSPATO,MG,3157005,SALINAS,"140,59",m3 ,"27926,71",2022-03-14 20:20:00
2022,3,830899.0,2017.0,PJ,39781309000100,GRANITO,MG,3169703,TURMALINA,"2344,56",t  ,"1647,62",2022-03-15 12:14:00
2022,3,830899.0,2017.0,PJ,39781309000100,GRANITO,MG,3169703,TURMALINA,"1874,97",t  ,"1635,51",2022-03-15 12:09:00
2022,3,830899.0,2017.0,PJ,39781309000100,GRANITO,MG,3169703,TURMALINA,"1783,45",t  ,"1555,47",2022-03-15 12:07:00
2022,3,831039.0,2012.0,PJ,10831894000115,AREIA,MG,3141801,MINAS NOVAS,"0,45",t  ,"149,04",2022-03-09 13:53:00
2022,3,832124.0,2009.0,PJ,04072868000158,ARGILA,MG,3169703,TURMALINA,950,t  ,"26,36",2022-03-22 16:09:00
2022,3,832124.0,2009.0,PJ,04072868000158,ARGILA,MG,3169703,TURMALINA,1500,t  ,"47,7",2022-03-22 16:21:00
2022,3,832124.0,2009.0,PJ,04072868000158,ARGILA,MG,3169703,TURMALINA,1500,t  ,"46,83",2022-03-22 16:23:00
2022,3,832124.0,2009.0,PJ,04072868000158,ARGILA,MG,3169703,TURMALINA,2325,t  ,"73,35",2022-03-22 16:05:00
2022,3,832124.0,2009.0,PJ,04072868000158,ARGILA,MG,3169703,TURMALINA,2000,t  ,"63,38",2022-03-22 16:03:00
2022,3,832124.0,2009.0,PJ,04072868000158,ARGILA,MG,3169703,TURMALINA,1800,t  ,"57,23",2022-03-22 15:56:00
2022,3,830245.0,2006.0,PJ,07553086000129,GRANITO,MG,3141801,MINAS NOVAS,"43,13",t  ,"192,69",2022-03-23 11:28:00
2022,3,832545.0,1987.0,PJ,24042913000139,GRANITO,MG,3141405,MEDINA,"5,27",m3 ,"45,72",2022-03-17 17:13:00
2022,3,831459.0,1986.0,PJ,71333736000120,GRANITO,MG,3141405,MEDINA,"322,9",m3 ,"8031,48",2022-03-17 17:32:00
2022,3,830515.0,2018.0,PJ,08701276000109,AREIA,MG,3171600,VIRGEM DA LAPA,176,t  ,"62,05",2022-03-28 14:29:00
2022,3,830515.0,2018.0,PJ,08701276000109,AREIA,MG,3171600,VIRGEM DA LAPA,288,t  ,"158,04",2022-03-28 14:32:00
2022,3,830515.0,2018.0,PJ,08701276000109,AREIA,MG,3171600,VIRGEM DA LAPA,592,t  ,"324,94",2022-03-28 14:35:00
2022,3,830515.0,2018.0,PJ,08701276000109,AREIA,MG,3171600,VIRGEM DA LAPA,"556,8",t  ,"252,38",2022-03-28 14:43:00
2022,3,830515.0,2018.0,PJ,08701276000109,AREIA,MG,3171600,VIRGEM DA LAPA,8,t  ,"2,76",2022-03-28 15:13:00
2022,3,830515.0,2018.0,PJ,08701276000109,AREIA,MG,3171600,VIRGEM DA LAPA,160,t  ,"31,39",2022-03-28 15:18:00
2022,3,830515.0,2018.0,PJ,08701276000109,AREIA,MG,3171600,VIRGEM DA LAPA,160,t  ,"22,13",2022-03-28 14:45:00
2022,3,830515.0,2018.0,PJ,08701276000109,AREIA,MG,3171600,VIRGEM DA LAPA,400,t  ,"74,79",2022-03-28 15:25:00
2022,3,830515.0,2018.0,PJ,08701276000109,AREIA,MG,3171600,VIRGEM DA LAPA,221,t  ,"148,62",2022-03-28 13:30:00
2022,3,830515.0,2018.0,PJ,08701276000109,AREIA,MG,3171600,VIRGEM DA LAPA,448,t  ,"208,15",2022-03-28 15:30:00
2022,3,830515.0,2018.0,PJ,08701276000109,AREIA,MG,3171600,VIRGEM DA LAPA,560,t  ,"282,93",2022-03-28 15:43:00
2022,3,830515.0,2018.0,PJ,08701276000109,AREIA,MG,3171600,VIRGEM DA LAPA,"315,2",t  ,"121,53",2022-03-28 15:47:00
2022,3,830515.0,2018.0,PJ,08701276000109,AREIA,MG,3171600,VIRGEM DA LAPA,"329,94",t  ,"147,95",2022-03-28 16:15:00
2022,3,832586.0,2009.0,PJ,09094556000169,GRANITO,MG,3119500,CORONEL MURTA,"287,68",m3 ,"2772,04",2022-03-09 10:49:00
2022,3,833857.0,2011.0,PJ,12294384000181,GRANITO,MG,3168606,TEÓFILO OTONI,"50,3",m3 ,"1151,75",2022-03-24 17:35:00
2022,3,830011.0,2007.0,PJ,00968624000105,GRANITO,MG,3141405,MEDINA,"85,14",m3 ,"446,21",2022-03-30 09:28:00
2022,3,830011.0,2007.0,PJ,00968624000105,GRANITO,MG,3141405,MEDINA,"13,02",m3 ,"101,98",2022-03-30 09:30:00
2022,3,830011.0,2007.0,PJ,00968624000105,GRANITO,MG,3141405,MEDINA,"305,09",m3 ,"1563,89",2022-03-30 09:59:00
2022,3,830011.0,2007.0,PJ,00968624000105,GRANITO,MG,3141405,MEDINA,"376,22",m3 ,"1899,18",2022-03-30 10:11:00
2022,3,830011.0,2007.0,PJ,00968624000105,GRANITO,MG,3141405,MEDINA,"486,09",m3 ,"2472,42",2022-03-30 10:08:00
2022,3,830011.0,2007.0,PJ,00968624000105,GRANITO,MG,3141405,MEDINA,"188,35",m3 ,"958,12",2022-03-30 10:01:00
2022,3,830011.0,2007.0,PJ,00968624000105,GRANITO,MG,3141405,MEDINA,"198,39",m3 ,"509,42",2022-03-30 09:53:00
2022,3,830011.0,2007.0,PJ,00968624000105,GRANITO,MG,3141405,MEDINA,"304,34",m3 ,"1524,18",2022-03-29 14:29:00
2022,3,830011.0,2007.0,PJ,00968624000105,GRANITO,MG,3141405,MEDINA,"19,62",m3 ,"163,53",2022-03-30 09:44:00
2022,3,830011.0,2007.0,PJ,00968624000105,GRANITO,MG,3141405,MEDINA,"84,2",m3 ,"442,85",2022-03-30 09:24:00
2022,3,830011.0,2007.0,PJ,00968624000105,GRANITO,MG,3141405,MEDINA,"198,39",m3 ,"1025,53",2022-03-30 09:51:00
2022,3,830011.0,2007.0,PJ,00968624000105,GRANITO,MG,3141405,MEDINA,"499,43",m3 ,"2448,22",2022-03-30 10:20:00
2022,3,833804.0,2008.0,PJ,25897802000177,ARGILA,MG,3169703,TURMALINA,300000,kg ,"60,57",2022-03-28 09:35:00
2022,3,831415.0,2004.0,PJ,42837484000178,GRANITO,MG,3103405,ARAÇUAÍ,"10,44",m3 ,"100,58",2022-03-16 15:08:00
2022,3,834323.0,2007.0,PJ,03933619000147,GRANITO,MG,3156502,RUBELITA,"45,95",t  ,"1213,42",2022-03-25 11:42:00
2022,3,830185.0,2010.0,PJ,04180718000168,GRANITO,MG,3156502,RUBELITA,"21,41",m3 ,"808,31",2022-03-22 10:03:00
2022,3,831501.0,2003.0,PJ,04867725000132,XISTO,MG,3134004,ITINGA,"138,4",m3 ,"12163,83",2022-03-31 10:34:00
2022,3,803441.0,1974.0,PJ,05106351000103,FELDSPATO,MG,3134004,ITINGA,"14732,88",kg ,"1854,04",2022-03-31 10:54:00
2022,3,832854.0,2003.0,PJ,05591773000103,GRANITO,MG,3134004,ITINGA,"9,69",m3 ,"565,99",2022-03-10 11:57:00
2022,3,830796.0,2013.0,PJ,09554036000191,ARGILA,MG,3157005,SALINAS,609,t  ,"234,02",2022-03-31 08:30:00
2022,3,830796.0,2013.0,PJ,09554036000191,ARGILA,MG,3157005,SALINAS,638,t  ,"245,27",2022-03-31 08:29:00
2022,3,830796.0,2013.0,PJ,09554036000191,ARGILA,MG,3157005,SALINAS,696,t  ,"264,75",2022-03-31 08:32:00
2022,3,830796.0,2013.0,PJ,09554036000191,ARGILA,MG,3157005,SALINAS,435,t  ,"165,57",2022-03-31 08:33:00
2022,3,833612.0,2013.0,PJ,09554036000191,ARGILA,MG,3157005,SALINAS,493,t  ,"189,44",2022-03-31 08:42:00
2022,3,833612.0,2013.0,PJ,09554036000191,ARGILA,MG,3157005,SALINAS,754,t  ,"287,71",2022-03-31 08:42:00
2022,3,833612.0,2013.0,PJ,09554036000191,ARGILA,MG,3157005,SALINAS,638,t  ,"242,69",2022-03-31 08:43:00
2022,3,833612.0,2013.0,PJ,09554036000191,ARGILA,MG,3157005,SALINAS,493,t  ,"187,65",2022-03-31 08:44:00
2022,3,833612.0,2013.0,PJ,09554036000191,ARGILA,MG,3157005,SALINAS,1044,t  ,"357,01",2022-03-31 08:44:00
2022,3,833611.0,2013.0,PJ,09554036000191,ARGILA,MG,3157005,SALINAS,493,t  ,"187,65",2022-03-31 08:53:00
2022,3,833611.0,2013.0,PJ,09554036000191,ARGILA,MG,3157005,SALINAS,667,t  ,"256,3",2022-03-31 08:51:00
2022,3,833611.0,2013.0,PJ,09554036000191,ARGILA,MG,3157005,SALINAS,638,t  ,"245,27",2022-03-31 08:50:00
2022,3,830195.0,2003.0,PJ,15783338000134,GRANITO,MG,3156502,RUBELITA,"167,3",m3 ,"3955,58",2022-03-31 15:19:00
2022,3,930078.0,1997.0,PJ,21228861000100,GRAFITA,MG,3148707,PEDRA AZUL,"165,2",t  ,"32106,06",2022-03-11 13:48:00
2022,3,830089.0,2000.0,PJ,36346393000137,GRANITO,MG,3134004,ITINGA,"39,72",m3 ,"804,35",2022-03-15 11:11:00
2022,3,830269.0,1990.0,PJ,38564373000168,GRANITO,MG,3168606,TEÓFILO OTONI,"4778,5",t  ,"1993,83",2022-03-28 19:03:00
2022,3,830899.0,2017.0,PJ,39781309000100,GRANITO,MG,3169703,TURMALINA,"2909,43",t  ,"2102,33",2022-03-08 13:27:00
2022,4,821951.0,1969.0,PJ,05106351000103,FELDSPATO,MG,3134004,ITINGA,"27,59",m3 ,"2951,11",2022-04-13 10:56:00
2022,4,832033.0,2009.0,PJ,11430465000107,AREIA,MG,3103405,ARAÇUAÍ,"313,6",t  ,"108,92",2022-04-13 08:34:00
2022,4,831039.0,2012.0,PJ,10831894000115,AREIA,MG,3141801,MINAS NOVAS,"0,73",t  ,"243,8",2022-04-07 16:25:00
2022,4,832119.0,1986.0,PJ,42794263000160,FELDSPATO,MG,3157005,SALINAS,"84,8",m3 ,"13295,39",2022-04-20 10:58:00
2022,4,830683.0,2015.0,PJ,03478696000154,AREIA,MG,3168606,TEÓFILO OTONI,"363,26",t  ,"128,37",2022-04-01 10:14:00
2022,4,833804.0,2008.0,PJ,25897802000177,ARGILA,MG,3169703,TURMALINA,350000,kg ,70,2022-04-14 15:22:00
2022,4,831415.0,2004.0,PJ,42837484000178,GRANITO,MG,3103405,ARAÇUAÍ,"71,92",m3 ,"692,92",2022-04-07 14:17:00
2022,4,821951.0,1969.0,PJ,05106351000103,FELDSPATO,MG,3134004,ITINGA,"663,6",kg ,"178,49",2022-04-27 19:53:00
2022,4,803441.0,1974.0,PJ,05106351000103,FELDSPATO,MG,3134004,ITINGA,"16560,16",kg ,"133,77",2022-04-27 19:56:00
2022,4,821951.0,1969.0,PJ,05106351000103,FELDSPATO,MG,3134004,ITINGA,"0,01",m3 ,"805,72",2022-04-27 19:48:00
2022,4,831071.0,2017.0,PJ,25102005000156,ARGILA,MG,3168606,TEÓFILO OTONI,327,t  ,"127,2",2022-04-01 14:49:00
2022,4,830089.0,2000.0,PJ,36346393000137,GRANITO,MG,3134004,ITINGA,"67,2",m3 ,"1257,16",2022-04-21 09:38:00
2022,4,830924.0,2015.0,PF,***046805**,AREIA,MG,3169703,TURMALINA,300,t  ,"100,71",2022-04-29 18:50:00
2022,4,831680.0,2012.0,PJ,01902521000105,ARGILA,MG,3169703,TURMALINA,800,t  ,64,2022-04-01 08:01:00
2022,4,832358.0,2008.0,PJ,01902521000105,ARGILA,MG,3169703,TURMALINA,250,t  ,20,2022-04-01 08:04:00
2022,4,831922.0,2005.0,PJ,01902521000105,ARGILA REFRATÁRIA,MG,3169703,TURMALINA,300,t  ,24,2022-04-01 07:59:00
2022,4,831922.0,2005.0,PJ,01902521000105,ARGILA REFRATÁRIA,MG,3169703,TURMALINA,500,t  ,40,2022-04-01 07:53:00
2022,4,832100.0,2006.0,PJ,03087551000122,GNAISSE,MG,3168606,TEÓFILO OTONI,"10304,66",t  ,"150,61",2022-04-04 16:42:00
2022,4,834323.0,2007.0,PJ,03933619000147,GRANITO,MG,3156502,RUBELITA,"159,4",t  ,"4673,53",2022-04-28 10:02:00
2022,4,830185.0,2010.0,PJ,04180718000168,GRANITO,MG,3156502,RUBELITA,"7,1",m3 ,"238,51",2022-04-25 15:25:00
2022,4,831714.0,2003.0,PJ,05311036000100,GRANITO,MG,3171600,VIRGEM DA LAPA,"70,62",m3 ,"1264,27",2022-04-28 07:50:00
2022,4,832779.0,2010.0,PJ,05591773000103,GRANITO,MG,3156502,RUBELITA,"172,24",m3 ,"7360,7",2022-04-08 17:01:00
2022,4,833956.0,2012.0,PJ,07956583000178,GNAISSE,MG,3139201,MALACACHETA,"63,96",m3 ,"1982,38",2022-04-06 08:59:00
2022,4,830515.0,2018.0,PJ,08701276000109,AREIA,MG,3171600,VIRGEM DA LAPA,"139,84",t  ,"39,94",2022-04-13 09:33:00
2022,4,830195.0,2003.0,PJ,15783338000134,GRANITO,MG,3156502,RUBELITA,"161,82",m3 ,"3703,04",2022-04-29 09:45:00
2022,4,930078.0,1997.0,PJ,21228861000100,GRAFITA,MG,3148707,PEDRA AZUL,"2381,68",t  ,"198552,88",2022-04-04 10:36:00
2022,4,832983.0,2011.0,PJ,25482167000167,ARGILA,MG,3169703,TURMALINA,250,t  ,20,2022-04-01 08:08:00
2022,4,830269.0,1990.0,PJ,38564373000168,GRANITO,MG,3168606,TEÓFILO OTONI,"3291,25",t  ,"1993,07",2022-04-13 10:44:00
2022,5,832033.0,2009.0,PJ,11430465000107,AREIA,MG,3103405,ARAÇUAÍ,581,t  ,"121,27",2022-05-04 18:09:00
2022,5,832119.0,1986.0,PJ,42794263000160,FELDSPATO,MG,3157005,SALINAS,"201,56",m3 ,"42321,44",2022-05-16 08:16:00
2022,5,830360.0,2018.0,PJ,27828398000105,FELDSPATO,MG,3134004,ITINGA,5269,kg ,"138,88",2022-05-17 07:01:00
2022,5,830360.0,2018.0,PJ,27828398000105,TURMALINA,MG,3134004,ITINGA,30913,kg ,"1565,78",2022-05-17 07:14:00
2022,5,830360.0,2018.0,PJ,27828398000105,TURMALINA,MG,3134004,ITINGA,5146,kg ,3442,2022-05-17 07:22:00
2022,5,834850.0,2007.0,PJ,07376952000153,FELDSPATO,MG,3119500,CORONEL MURTA,138,t  ,"158,7",2022-05-24 14:36:00
2022,5,834850.0,2007.0,PJ,07376952000153,FELDSPATO,MG,3119500,CORONEL MURTA,38,t  ,"129,19",2022-05-24 13:42:00
2022,5,834850.0,2007.0,PJ,07376952000153,FELDSPATO,MG,3119500,CORONEL MURTA,114,t  ,"382,94",2022-05-24 13:44:00
2022,5,834850.0,2007.0,PJ,07376952000153,FELDSPATO,MG,3119500,CORONEL MURTA,77,t  ,"90,37",2022-05-24 14:26:00
2022,5,834850.0,2007.0,PJ,07376952000153,FELDSPATO,MG,3119500,CORONEL MURTA,175,t  ,"220,73",2022-05-24 13:46:00
2022,5,834850.0,2007.0,PJ,07376952000153,FELDSPATO,MG,3119500,CORONEL MURTA,76,t  ,"248,75",2022-05-24 13:47:00
2022,5,834850.0,2007.0,PJ,07376952000153,FELDSPATO,MG,3119500,CORONEL MURTA,53,t  ,"165,45",2022-05-24 13:53:00
2022,5,834850.0,2007.0,PJ,07376952000153,FELDSPATO,MG,3119500,CORONEL MURTA,53,t  ,"169,68",2022-05-24 13:57:00
2022,5,834850.0,2007.0,PJ,07376952000153,FELDSPATO,MG,3119500,CORONEL MURTA,53,t  ,"170,65",2022-05-24 13:56:00
2022,5,834850.0,2007.0,PJ,07376952000153,FELDSPATO,MG,3119500,CORONEL MURTA,106,t  ,"341,93",2022-05-24 13:55:00
2022,5,834850.0,2007.0,PJ,07376952000153,TURMALINA,MG,3119500,CORONEL MURTA,100,g  ,"12,23",2022-05-25 08:24:00
2022,5,831459.0,1986.0,PJ,71333736000120,GRANITO,MG,3141405,MEDINA,"662,35",m3 ,"14065,9",2022-05-20 17:53:00
2022,5,830924.0,2015.0,PF,***046805**,AREIA,MG,3169703,TURMALINA,102,t  ,"30,6",2022-05-23 22:09:00
2022,5,830016.0,2004.0,PJ,39282298000105,GRANITO,MG,3119500,CORONEL MURTA,"9,22",m3 ,"229,54",2022-05-19 08:23:00
2022,5,831680.0,2012.0,PJ,01902521000105,ARGILA,MG,3169703,TURMALINA,350,t  ,28,2022-05-02 07:28:00
2022,5,831680.0,2012.0,PJ,01902521000105,ARGILA,MG,3169703,TURMALINA,300,t  ,24,2022-05-02 07:33:00
2022,5,832358.0,2008.0,PJ,01902521000105,ARGILA,MG,3169703,TURMALINA,400,t  ,32,2022-05-02 07:30:00
2022,5,832358.0,2008.0,PJ,01902521000105,ARGILA,MG,3169703,TURMALINA,350,t  ,28,2022-05-02 07:31:00
2022,5,831922.0,2005.0,PJ,01902521000105,ARGILA REFRATÁRIA,MG,3169703,TURMALINA,250,t  ,20,2022-05-02 07:35:00
2022,5,830683.0,2015.0,PJ,03478696000154,AREIA,MG,3168606,TEÓFILO OTONI,"412,46",t  ,"164,26",2022-05-03 10:10:00
2022,5,830185.0,2010.0,PJ,04180718000168,GRANITO,MG,3156502,RUBELITA,"131,78",m3 ,"4840,79",2022-05-27 14:13:00
2022,5,830515.0,2018.0,PJ,08701276000109,AREIA,MG,3171600,VIRGEM DA LAPA,"502,74",t  ,"223,69",2022-05-10 16:50:00
2022,5,832578.0,2012.0,PJ,09094556000169,GRANITO,MG,3119500,CORONEL MURTA,"220,03",m3 ,"2214,78",2022-05-16 13:58:00
2022,5,832586.0,2009.0,PJ,09094556000169,GRANITO,MG,3119500,CORONEL MURTA,"33,97",m3 ,"267,91",2022-05-16 13:52:00
2022,5,833857.0,2011.0,PJ,12294384000181,GRANITO,MG,3168606,TEÓFILO OTONI,"41,79",m3 ,"1120,18",2022-05-23 17:12:00
2022,5,831071.0,2017.0,PJ,25102005000156,ARGILA,MG,3168606,TEÓFILO OTONI,328,t  ,"128,84",2022-05-10 15:05:00
2022,5,832983.0,2011.0,PJ,25482167000167,ARGILA,MG,3169703,TURMALINA,400,t  ,32,2022-05-02 07:23:00
2022,5,832983.0,2011.0,PJ,25482167000167,ARGILA,MG,3169703,TURMALINA,800,t  ,64,2022-05-02 07:22:00
2022,5,830011.0,2007.0,PJ,00968624000105,GRANITO,MG,3141405,MEDINA,"428,19",m3 ,"2360,45",2022-05-25 09:25:00
2022,5,832100.0,2006.0,PJ,03087551000122,GNAISSE,MG,3168606,TEÓFILO OTONI,"18733,36",t  ,"273,93",2022-05-03 13:29:00
2022,5,830185.0,2010.0,PJ,04180718000168,GRANITO,MG,3156502,RUBELITA,"9,2",m3 ,"311,24",2022-05-27 14:00:00
2022,5,831501.0,2003.0,PJ,04867725000132,XISTO,MG,3134004,ITINGA,"140,58",m3 ,"8075,23",2022-05-31 07:55:00
2022,5,803441.0,1974.0,PJ,05106351000103,FELDSPATO,MG,3134004,ITINGA,"18,97",m3 ,"1741,79",2022-05-31 07:58:00
2022,5,803441.0,1974.0,PJ,05106351000103,FELDSPATO,MG,3134004,ITINGA,"6976,44",kg ,"676,04",2022-05-31 08:09:00
2022,5,830663.0,2003.0,PJ,05284593000189,GRANITO,MG,3157005,SALINAS,"690,35",m3 ,"33438,09",2022-05-27 07:27:00
2022,5,832779.0,2010.0,PJ,05591773000103,GRANITO,MG,3156502,RUBELITA,"140,2",m3 ,"6141,17",2022-05-13 08:15:00
2022,5,830195.0,2003.0,PJ,15783338000134,GRANITO,MG,3156502,RUBELITA,"151,34",m3 ,"3202,72",2022-05-30 14:54:00
2022,5,930078.0,1997.0,PJ,21228861000100,GRAFITA,MG,3148707,PEDRA AZUL,"228,25",t  ,"41198,75",2022-05-04 08:04:00
2022,5,930078.0,1997.0,PJ,21228861000100,GRAFITA,MG,3148707,PEDRA AZUL,"2891,15",t  ,"243305,6",2022-05-04 08:02:00
2022,5,807022.0,1971.0,PJ,21624671000101,ESPODUMÊNIO,MG,3134004,ITINGA,"930,02",t  ,"32601,67",2022-05-25 10:43:00
2022,5,833804.0,2008.0,PJ,25897802000177,ARGILA,MG,3169703,TURMALINA,360000,kg ,72,2022-05-17 12:40:00
2022,5,830269.0,1990.0,PJ,38564373000168,GRANITO,MG,3168606,TEÓFILO OTONI,"2720,24",t  ,"1814,51",2022-05-12 14:42:00
2022,5,831919.0,2017.0,PJ,42769956000100,MINÉRIO DE OURO,MG,3171600,VIRGEM DA LAPA,"0,25",kg ,"1053,77",2022-05-30 14:39:00
2022,6,830367.0,2015.0,PJ,27828398000105,AREIA,MG,3133303,ITAOBIM,1162,t  ,"276,92",2022-06-20 10:56:00
2022,6,830367.0,2015.0,PJ,27828398000105,AREIA,MG,3133303,ITAOBIM,"109,34",t  ,"287,71",2022-06-20 10:53:00
2022,6,832119.0,1986.0,PJ,42794263000160,FELDSPATO,MG,3157005,SALINAS,"190,7",m3 ,"38738,49",2022-06-20 09:44:00
2022,6,831459.0,1986.0,PJ,71333736000120,GRANITO,MG,3141405,MEDINA,"207,15",m3 ,"5289,5",2022-06-22 10:49:00
2022,6,830683.0,2015.0,PJ,03478696000154,AREIA,MG,3168606,TEÓFILO OTONI,"300,94",t  ,"135,46",2022-06-06 08:30:00
2022,6,830893.0,2013.0,PJ,22108450000135,GNAISSE,MG,3157005,SALINAS,"12096,57",m3 ,"1728,17",2022-06-17 16:59:00
2022,6,831680.0,2012.0,PJ,01902521000105,ARGILA,MG,3169703,TURMALINA,400,t  ,16,2022-06-10 07:29:00
2022,6,831680.0,2012.0,PJ,01902521000105,ARGILA,MG,3169703,TURMALINA,350,t  ,28,2022-06-10 07:34:00
2022,6,832358.0,2008.0,PJ,01902521000105,ARGILA,MG,3169703,TURMALINA,250,t  ,10,2022-06-10 07:46:00
2022,6,832358.0,2008.0,PJ,01902521000105,ARGILA,MG,3169703,TURMALINA,400,t  ,16,2022-06-10 07:50:00
2022,6,832358.0,2008.0,PJ,01902521000105,ARGILA,MG,3169703,TURMALINA,350,t  ,14,2022-06-10 07:52:00
2022,6,831922.0,2005.0,PJ,01902521000105,ARGILA REFRATÁRIA,MG,3169703,TURMALINA,400,t  ,16,2022-06-10 07:45:00
2022,6,831922.0,2005.0,PJ,01902521000105,ARGILA REFRATÁRIA,MG,3169703,TURMALINA,300,t  ,12,2022-06-10 07:40:00
2022,6,831922.0,2005.0,PJ,01902521000105,ARGILA REFRATÁRIA,MG,3169703,TURMALINA,350,t  ,14,2022-06-10 07:38:00
2022,6,832983.0,2011.0,PJ,25482167000167,ARGILA,MG,3169703,TURMALINA,400,t  ,16,2022-06-10 07:59:00
2022,6,832983.0,2011.0,PJ,25482167000167,ARGILA,MG,3169703,TURMALINA,350,t  ,14,2022-06-10 07:58:00
2022,6,832983.0,2011.0,PJ,25482167000167,ARGILA,MG,3169703,TURMALINA,400,t  ,32,2022-06-10 07:57:00
2022,6,832983.0,2011.0,PJ,25482167000167,ARGILA,MG,3169703,TURMALINA,350,t  ,14,2022-06-10 07:55:00
2022,6,830924.0,2015.0,PF,***046805**,AREIA,MG,3169703,TURMALINA,"290,25",t  ,"110,33",2022-06-29 20:52:00
2022,6,832100.0,2006.0,PJ,03087551000122,GNAISSE,MG,3168606,TEÓFILO OTONI,"34692,86",t  ,"507,21",2022-06-01 15:27:00
2022,6,834323.0,2007.0,PJ,03933619000147,GRANITO,MG,3156502,RUBELITA,"391,48",t  ,"11256,98",2022-06-29 08:18:00
2022,6,803441.0,1974.0,PJ,05106351000103,FELDSPATO,MG,3134004,ITINGA,"171,23",t  ,"5949,9",2022-06-29 18:54:00
2022,6,832779.0,2010.0,PJ,05591773000103,GRANITO,MG,3156502,RUBELITA,"426,56",m3 ,"1938,18",2022-06-15 15:10:00
2022,6,830734.0,2015.0,PJ,07663795000167,AREIA,MG,3169703,TURMALINA,165,t  ,"57,39",2022-06-29 20:44:00
2022,6,833956.0,2012.0,PJ,07956583000178,GNAISSE,MG,3139201,MALACACHETA,"27,35",m3 ,"771,52",2022-06-08 10:22:00
2022,6,833123.0,2003.0,PJ,08139144000135,GRANITO,MG,3134004,ITINGA,"30,37",m3 ,"1313,09",2022-06-13 16:04:00
2022,6,832578.0,2012.0,PJ,09094556000169,GRANITO,MG,3119500,CORONEL MURTA,"203,53",m3 ,"1881,09",2022-06-24 10:41:00
2022,6,830195.0,2003.0,PJ,15783338000134,GRANITO,MG,3156502,RUBELITA,"177,74",m3 ,"3999,55",2022-06-30 08:39:00
2022,6,831424.0,2013.0,PJ,19296734000198,GRANITO,MG,3156502,RUBELITA,"83,53",m3 ,"1613,13",2022-06-21 09:04:00
2022,6,930078.0,1997.0,PJ,21228861000100,GRAFITA,MG,3148707,PEDRA AZUL,"2907,13",t  ,"246584,31",2022-06-21 10:27:00
2022,6,807022.0,1971.0,PJ,21624671000101,ESPODUMÊNIO,MG,3134004,ITINGA,"922,17",t  ,"26348,98",2022-06-29 08:41:00
2022,6,833804.0,2008.0,PJ,25897802000177,ARGILA,MG,3169703,TURMALINA,400000,kg ,80,2022-06-15 17:54:00
2022,6,830089.0,2000.0,PJ,36346393000137,GRANITO,MG,3134004,ITINGA,"143,44",m3 ,"2752,71",2022-06-22 10:40:00
2022,6,830269.0,1990.0,PJ,38564373000168,GRANITO,MG,3168606,TEÓFILO OTONI,"8498,25",t  ,"4172,18",2022-06-27 10:22:00
2022,6,830899.0,2017.0,PJ,39781309000100,GRANITO,MG,3169703,TURMALINA,"10011,1",t  ,"6982,02",2022-06-06 15:27:00
2022,6,831415.0,2004.0,PJ,42837484000178,GRANITO,MG,3103405,ARAÇUAÍ,"40,04",m3 ,1927,2022-06-15 16:07:00
2022,7,830367.0,2015.0,PJ,27828398000105,AREIA,MG,3133303,ITAOBIM,"680,25",t  ,"119,68",2022-07-05 07:16:00
2022,7,830367.0,2015.0,PJ,27828398000105,AREIA,MG,3133303,ITAOBIM,"1593,75",t  ,"206,65",2022-07-05 07:32:00
2022,7,830367.0,2015.0,PJ,27828398000105,AREIA,MG,3133303,ITAOBIM,"737,25",t  ,"113,66",2022-07-05 07:28:00
2022,7,830367.0,2015.0,PJ,43215619000126,AREIA,MG,3133303,ITAOBIM,"500,49",t  ,"26,21",2022-07-05 07:20:00
2022,7,832033.0,2009.0,PJ,11430465000107,AREIA,MG,3103405,ARAÇUAÍ,"11,2",t  ,"3,53",2022-07-06 08:54:00
2022,7,830326.0,2005.0,PJ,20890995000110,XISTO,MG,3134004,ITINGA,"105,65",m3 ,"2733,73",2022-07-12 15:17:00
2022,7,830326.0,2005.0,PJ,20890995000110,XISTO,MG,3134004,ITINGA,"32,03",m3 ,"0,13",2022-07-12 14:42:00
2022,7,830326.0,2005.0,PJ,20890995000110,XISTO,MG,3134004,ITINGA,"29,56",m3 ,"973,97",2022-07-12 14:38:00
2022,7,830326.0,2005.0,PJ,20890995000110,XISTO,MG,3134004,ITINGA,"21,38",m3 ,"382,33",2022-07-12 14:23:00
2022,7,830326.0,2005.0,PJ,20890995000110,XISTO,MG,3134004,ITINGA,"16,78",m3 ,"658,01",2022-07-12 18:16:00
2022,7,830326.0,2005.0,PJ,20890995000110,XISTO,MG,3134004,ITINGA,"81,28",m3 ,"2604,09",2022-07-12 16:50:00
2022,7,830326.0,2005.0,PJ,20890995000110,XISTO,MG,3134004,ITINGA,"124,4",m3 ,"1423,22",2022-07-12 13:14:00
2022,7,830326.0,2005.0,PJ,20890995000110,XISTO,MG,3134004,ITINGA,"22,85",m3 ,"364,79",2022-07-12 13:22:00
2022,7,830326.0,2005.0,PJ,20890995000110,XISTO,MG,3134004,ITINGA,"59,43",m3 ,"528,79",2022-07-13 08:40:00
2022,7,830326.0,2005.0,PJ,20890995000110,XISTO,MG,3134004,ITINGA,"28,86",m3 ,"682,49",2022-07-13 08:33:00
2022,7,830326.0,2005.0,PJ,20890995000110,XISTO,MG,3134004,ITINGA,"13,42",m3 ,"274,88",2022-07-13 08:28:00
2022,7,830326.0,2005.0,PJ,20890995000110,XISTO,MG,3134004,ITINGA,"101,1",m3 ,"2138,82",2022-07-13 08:22:00
2022,7,830653.0,2012.0,PF,***056077**,AREIA,MG,3171600,VIRGEM DA LAPA,960,t  ,"119,24",2022-07-07 14:56:00
2022,7,831919.0,2017.0,PJ,42769956000100,MINÉRIO DE OURO,MG,3171600,VIRGEM DA LAPA,"0,75",g  ,"3156,59",2022-07-06 10:17:00
2022,7,830924.0,2015.0,PF,***046805**,AREIA,MG,3169703,TURMALINA,"200,95",t  ,"60,29",2022-07-25 00:05:00
2022,7,830683.0,2015.0,PJ,03478696000154,AREIA,MG,3168606,TEÓFILO OTONI,"259,12",t  ,"103,55",2022-07-12 08:16:00
2022,7,830734.0,2015.0,PJ,07663795000167,AREIA,MG,3169703,TURMALINA,"1026,78",t  ,"511,89",2022-07-25 00:01:00
2022,7,833857.0,2011.0,PJ,12294384000181,GRANITO,MG,3168606,TEÓFILO OTONI,"32,97",m3 ,"883,87",2022-07-22 17:34:00
2022,7,834323.0,2007.0,PJ,03933619000147,GRANITO,MG,3156502,RUBELITA,"211,63",t  ,"6040,35",2022-07-27 14:28:00
2022,7,831680.0,2012.0,PJ,01902521000105,ARGILA,MG,3169703,TURMALINA,350,t  ,14,2022-07-04 13:09:00
2022,7,831680.0,2012.0,PJ,01902521000105,ARGILA,MG,3169703,TURMALINA,300,t  ,12,2022-07-04 13:06:00
2022,7,832358.0,2008.0,PJ,01902521000105,ARGILA,MG,3169703,TURMALINA,400,t  ,16,2022-07-04 13:03:00
2022,7,831922.0,2005.0,PJ,01902521000105,ARGILA REFRATÁRIA,MG,3169703,TURMALINA,250,t  ,10,2022-07-04 13:05:00
2022,7,831922.0,2005.0,PJ,01902521000105,ARGILA REFRATÁRIA,MG,3169703,TURMALINA,350,t  ,14,2022-07-04 12:56:00
2022,7,830185.0,2010.0,PJ,04180718000168,GRANITO,MG,3156502,RUBELITA,"70,56",m3 ,"2806,7",2022-07-13 09:26:00
2022,7,831501.0,2003.0,PJ,04867725000132,XISTO,MG,3134004,ITINGA,"275,41",t  ,"8389,1",2022-07-28 21:42:00
2022,7,803441.0,1974.0,PJ,05106351000103,FELDSPATO,MG,3134004,ITINGA,"18,4",t  ,"497,12",2022-07-28 22:01:00
2022,7,803441.0,1974.0,PJ,05106351000103,FELDSPATO,MG,3134004,ITINGA,"513,33",t  ,"13116,25",2022-07-28 21:48:00
2022,7,831714.0,2003.0,PJ,05311036000100,GRANITO,MG,3171600,VIRGEM DA LAPA,1,m3 ,"32,96",2022-07-27 14:31:00
2022,7,832854.0,2003.0,PJ,05591773000103,GRANITO,MG,3134004,ITINGA,"172,48",m3 ,"9891,07",2022-07-12 17:39:00
2022,7,832779.0,2010.0,PJ,05591773000103,GRANITO,MG,3156502,RUBELITA,"94,07",m3 ,"4531,38",2022-07-12 17:43:00
2022,7,833956.0,2012.0,PJ,07956583000178,GNAISSE,MG,3139201,MALACACHETA,"59,94",m3 ,"1721,87",2022-07-04 13:54:00
2022,7,830195.0,2003.0,PJ,15783338000134,GRANITO,MG,3156502,RUBELITA,"162,57",m3 ,"3533,97",2022-07-29 10:55:00
2022,7,930078.0,1997.0,PJ,21228861000100,GRAFITA,MG,3148707,PEDRA AZUL,"3537,43",t  ,"305052,36",2022-07-04 14:33:00
2022,7,807022.0,1971.0,PJ,21624671000101,ESPODUMÊNIO,MG,3134004,ITINGA,"514,18",t  ,"14409,3",2022-07-25 14:24:00
2022,7,832983.0,2011.0,PJ,25482167000167,ARGILA,MG,3169703,TURMALINA,300,t  ,24,2022-07-04 12:51:00
2022,7,830770.0,2012.0,PJ,25897802000177,ARGILA,MG,3141801,MINAS NOVAS,350000,kg ,"70,09",2022-07-28 16:56:00
2022,7,830360.0,2018.0,PJ,27828398000105,FELDSPATO,MG,3134004,ITINGA,50,t  ,"388,48",2022-07-19 10:21:00
2022,7,830360.0,2018.0,PJ,27828398000105,MORGANITA,MG,3134004,ITINGA,1500,kg ,"285,53",2022-07-19 10:18:00
2022,7,830360.0,2018.0,PJ,27828398000105,QUARTZO,MG,3134004,ITINGA,14000,kg ,"815,81",2022-07-19 10:10:00
2022,7,830360.0,2018.0,PJ,27828398000105,TURMALINA,MG,3134004,ITINGA,19000,kg ,"1291,7",2022-07-19 10:12:00
2022,7,830003.0,2004.0,PJ,39365754000180,GRANITO,MG,3134004,ITINGA,"32,5",m3 ,"393,27",2022-07-27 10:24:00
2022,7,830899.0,2017.0,PJ,39781309000100,GRANITO,MG,3169703,TURMALINA,"9025,24",t  ,"5696,23",2022-07-09 11:20:00
2022,8,834850.0,2007.0,PJ,07376952000153,FELDSPATO,MG,3119500,CORONEL MURTA,240,t  ,"757,05",2022-08-02 14:07:00
2022,8,834850.0,2007.0,PJ,07376952000153,FELDSPATO,MG,3119500,CORONEL MURTA,260,t  ,"813,44",2022-08-02 14:09:00
2022,8,834850.0,2007.0,PJ,07376952000153,FELDSPATO,MG,3119500,CORONEL MURTA,245,t  ,"786,79",2022-08-02 14:04:00
2022,8,834850.0,2007.0,PJ,07376952000153,FELDSPATO,MG,3119500,CORONEL MURTA,302,t  ,"891,18",2022-08-05 08:20:00
2022,8,834850.0,2007.0,PJ,07376952000153,FELDSPATO,MG,3119500,CORONEL MURTA,300,t  ,"887,18",2022-08-05 08:17:00
2022,8,834850.0,2007.0,PJ,07376952000153,FELDSPATO,MG,3119500,CORONEL MURTA,260,t  ,"773,91",2022-08-05 08:15:00
2022,8,834850.0,2007.0,PJ,07376952000153,FELDSPATO,MG,3119500,CORONEL MURTA,265,t  ,"806,88",2022-08-05 08:09:00
2022,8,832033.0,2009.0,PJ,11430465000107,AREIA,MG,3103405,ARAÇUAÍ,588,t  ,"249,67",2022-08-01 17:54:00
2022,8,830924.0,2015.0,PF,***046805**,AREIA,MG,3169703,TURMALINA,"480,34",t  ,"158,38",2022-08-17 22:22:00
2022,8,832545.0,1987.0,PJ,24042913000139,GRANITO,MG,3141405,MEDINA,"6,61",m3 ,"50,98",2022-08-23 14:22:00
2022,8,833857.0,2011.0,PJ,12294384000181,GRANITO,MG,3168606,TEÓFILO OTONI,"87,39",m3 ,"2342,49",2022-08-23 11:22:00
2022,8,830893.0,2013.0,PJ,22108450000135,GNAISSE,MG,3157005,SALINAS,"4338,78",m3 ,"3448,03",2022-08-18 16:41:00
2022,8,831501.0,2003.0,PJ,04867725000132,XISTO,MG,3134004,ITINGA,"111,35",t  ,"598,55",2022-08-29 21:04:00
2022,8,803441.0,1974.0,PJ,05106351000103,FELDSPATO,MG,3134004,ITINGA,"1029,9",t  ,"27874,4",2022-08-29 21:13:00
2022,8,821951.0,1969.0,PJ,05106351000103,FELDSPATO,MG,3134004,ITINGA,"174,35",t  ,"2968,53",2022-08-29 21:16:00
2022,8,803441.0,1974.0,PJ,05106351000103,FELDSPATO,MG,3134004,ITINGA,"1,72",t  ,"252,93",2022-08-29 21:34:00
2022,8,831071.0,2017.0,PJ,25102005000156,ARGILA,MG,3168606,TEÓFILO OTONI,376,t  ,"150,85",2022-08-10 10:05:00
2022,8,832119.0,1986.0,PJ,42794263000160,FELDSPATO,MG,3157005,SALINAS,"232,85",m3 ,"24390,26",2022-08-30 09:47:00
2022,8,832358.0,2008.0,PJ,01902521000105,ARGILA,MG,3169703,TURMALINA,250,t  ,10,2022-08-08 13:25:00
2022,8,832358.0,2008.0,PJ,01902521000105,ARGILA,MG,3169703,TURMALINA,300,t  ,12,2022-08-08 13:23:00
2022,8,831680.0,2012.0,PJ,01902521000105,ARGILA,MG,3169703,TURMALINA,350,t  ,14,2022-08-08 13:20:00
2022,8,831680.0,2012.0,PJ,01902521000105,ARGILA,MG,3169703,TURMALINA,400,t  ,16,2022-08-08 13:19:00
2022,8,831680.0,2012.0,PJ,01902521000105,ARGILA,MG,3169703,TURMALINA,400,t  ,16,2022-08-08 13:16:00
2022,8,831922.0,2005.0,PJ,01902521000105,ARGILA REFRATÁRIA,MG,3169703,TURMALINA,300,t  ,12,2022-08-08 13:14:00
2022,8,831922.0,2005.0,PJ,01902521000105,ARGILA REFRATÁRIA,MG,3169703,TURMALINA,350,t  ,14,2022-08-08 13:12:00
2022,8,834323.0,2007.0,PJ,03933619000147,GRANITO,MG,3156502,RUBELITA,"279,92",t  ,"8782,96",2022-08-30 18:02:00
2022,8,834418.0,2012.0,PJ,04180718000168,GRANITO,MG,3119500,CORONEL MURTA,"11,3",m3 ,"406,45",2022-08-11 15:44:00
2022,8,830663.0,2003.0,PJ,05284593000189,GRANITO,MG,3157005,SALINAS,"612,28",m3 ,"36257,88",2022-08-29 17:00:00
2022,8,832854.0,2003.0,PJ,05591773000103,GRANITO,MG,3134004,ITINGA,"137,88",m3 ,"7991,29",2022-08-15 10:50:00
2022,8,830515.0,2018.0,PJ,08701276000109,AREIA,MG,3171600,VIRGEM DA LAPA,"705,6",t  ,"186,14",2022-08-13 10:57:00
2022,8,832578.0,2012.0,PJ,09094556000169,GRANITO,MG,3119500,CORONEL MURTA,"22,92",m3 ,"210,46",2022-08-10 10:56:00
2022,8,830195.0,2003.0,PJ,15783338000134,GRANITO,MG,3156502,RUBELITA,"138,74",m3 ,"3342,77",2022-08-31 10:35:00
2022,8,930078.0,1997.0,PJ,21228861000100,GRAFITA,MG,3148707,PEDRA AZUL,"213,52",t  ,"36569,46",2022-08-04 08:22:00
2022,8,807022.0,1971.0,PJ,21624671000101,ESPODUMÊNIO,MG,3134004,ITINGA,"7904,49",t  ,"2841774,54",2022-08-19 09:59:00
2022,8,832983.0,2011.0,PJ,25482167000167,ARGILA,MG,3169703,TURMALINA,400,t  ,16,2022-08-08 13:31:00
2022,8,830770.0,2012.0,PJ,25897802000177,ARGILA,MG,3141801,MINAS NOVAS,450000000,kg ,90,2022-08-05 11:07:00
2022,8,830003.0,2004.0,PJ,39365754000180,GRANITO,MG,3134004,ITINGA,"31,73",m3 ,"380,77",2022-08-29 15:49:00
2022,8,830899.0,2017.0,PJ,39781309000100,GRANITO,MG,3169703,TURMALINA,"6842,63",t  ,"7659,02",2022-08-08 16:14:00
2022,8,831919.0,2017.0,PJ,42769956000100,MINÉRIO DE OURO,MG,3171600,VIRGEM DA LAPA,"679,9",g  ,"2746,45",2022-08-24 14:30:00
2022,8,831415.0,2004.0,PJ,42837484000178,GRANITO,MG,3103405,ARAÇUAÍ,"31,51",m3 ,"303,63",2022-08-18 17:14:00
2022,9,832358.0,2008.0,PJ,01902521000105,ARGILA,MG,3169703,TURMALINA,300,t  ,24,2022-09-05 13:18:00
2022,9,832358.0,2008.0,PJ,01902521000105,ARGILA,MG,3169703,TURMALINA,400,t  ,16,2022-09-05 13:17:00
2022,9,832358.0,2008.0,PJ,01902521000105,ARGILA,MG,3169703,TURMALINA,350,t  ,14,2022-09-05 13:16:00
2022,9,831680.0,2012.0,PJ,01902521000105,ARGILA,MG,3169703,TURMALINA,300,t  ,12,2022-09-05 13:27:00
2022,9,831922.0,2005.0,PJ,01902521000105,ARGILA REFRATÁRIA,MG,3169703,TURMALINA,350,t  ,14,2022-09-05 13:24:00
2022,9,831922.0,2005.0,PJ,01902521000105,ARGILA REFRATÁRIA,MG,3169703,TURMALINA,350,t  ,14,2022-09-05 13:22:00
2022,9,832983.0,2011.0,PJ,25482167000167,ARGILA,MG,3169703,TURMALINA,40,t  ,"1,6",2022-09-05 13:13:00
2022,9,832983.0,2011.0,PJ,25482167000167,ARGILA,MG,3169703,TURMALINA,400,t  ,16,2022-09-05 13:12:00
2022,9,832983.0,2011.0,PJ,25482167000167,ARGILA,MG,3169703,TURMALINA,300,t  ,12,2022-09-05 13:06:00
2022,9,832033.0,2009.0,PJ,11430465000107,AREIA,MG,3103405,ARAÇUAÍ,707,t  ,"133,59",2022-09-05 15:46:00
2022,9,830734.0,2015.0,PJ,07663795000167,AREIA,MG,3169703,TURMALINA,987,t  ,"296,1",2022-09-21 21:04:00
2022,9,830683.0,2015.0,PJ,03478696000154,AREIA,MG,3168606,TEÓFILO OTONI,"424,76",t  ,"166,85",2022-09-06 10:32:00
2022,9,831459.0,1986.0,PJ,71333736000120,GRANITO,MG,3141405,MEDINA,"482,51",m3 ,"12018,56",2022-09-23 10:35:00
2022,9,833123.0,2003.0,PJ,08139144000135,GRANITO,MG,3134004,ITINGA,"53,72",m3 ,"1644,22",2022-09-23 08:15:00
2022,9,831415.0,2004.0,PJ,42837484000178,GRANITO,MG,3103405,ARAÇUAÍ,"39,53",m3 ,"264,87",2022-09-19 13:07:00
2022,9,831071.0,2017.0,PJ,25102005000156,ARGILA,MG,3168606,TEÓFILO OTONI,289,t  ,"112,48",2022-09-19 09:49:00
2022,9,830089.0,2000.0,PJ,36346393000137,GRANITO,MG,3134004,ITINGA,"55,49",m3 ,"970,8",2022-09-15 11:06:00
2022,9,832578.0,2012.0,PJ,09094556000169,GRANITO,MG,3119500,CORONEL MURTA,"158,36",m3 ,"1520,56",2022-09-20 09:22:00
2022,9,831424.0,2013.0,PJ,19296734000198,GRANITO,MG,3156502,RUBELITA,"34,76",m3 ,"1458,54",2022-09-20 15:48:00
2022,9,831424.0,2013.0,PJ,19296734000198,GRANITO,MG,3156502,RUBELITA,"19,49",m3 ,"1192,68",2022-09-20 15:22:00
2022,9,830011.0,2007.0,PJ,00968624000105,GRANITO,MG,3141405,MEDINA,"10,83",m3 ,"41,74",2022-09-21 17:11:00
2022,9,832100.0,2006.0,PJ,03087551000122,GNAISSE,MG,3168606,TEÓFILO OTONI,"29001,33",t  ,"423,23",2022-09-05 16:21:00
2022,9,830185.0,2010.0,PJ,04180718000168,GRANITO,MG,3156502,RUBELITA,"49,92",m3 ,"1823,42",2022-09-16 10:44:00
2022,9,831501.0,2003.0,PJ,04867725000132,XISTO,MG,3134004,ITINGA,"122,03",t  ,"1874,8",2022-09-29 20:59:00
2022,9,803441.0,1974.0,PJ,05106351000103,FELDSPATO,MG,3134004,ITINGA,"1,73",t  ,"234,62",2022-09-29 21:30:00
2022,9,821951.0,1969.0,PJ,05106351000103,FELDSPATO,MG,3134004,ITINGA,"0,11",t  ,"9,44",2022-09-29 21:27:00
2022,9,803441.0,1974.0,PJ,05106351000103,FELDSPATO,MG,3134004,ITINGA,"71,32",t  ,"7129,47",2022-09-29 21:17:00
2022,9,830663.0,2003.0,PJ,05284593000189,GRANITO,MG,3157005,SALINAS,"205,9",m3 ,"9445,7",2022-09-26 13:59:00
2022,9,833956.0,2012.0,PJ,07956583000178,GNAISSE,MG,3139201,MALACACHETA,"64,43",m3 ,"1592,87",2022-09-05 14:05:00
2022,9,831039.0,2012.0,PJ,10831894000115,AREIA,MG,3141801,MINAS NOVAS,"2,5",t  ,"771,12",2022-09-02 16:43:00
2022,9,830195.0,2003.0,PJ,15783338000134,GRANITO,MG,3156502,RUBELITA,"95,09",m3 ,"2202,62",2022-09-29 11:05:00
2022,9,930078.0,1997.0,PJ,21228861000100,GRAFITA,MG,3148707,PEDRA AZUL,"3789,83",t  ,352963,2022-09-12 07:48:00
2022,9,807022.0,1971.0,PJ,21624671000101,ESPODUMÊNIO,MG,3134004,ITINGA,"1146,96",t  ,"33630,34",2022-09-30 08:27:00
2022,9,830770.0,2012.0,PJ,25897802000177,ARGILA,MG,3141801,MINAS NOVAS,400000,kg ,80,2022-09-12 16:37:00
2022,9,830367.0,2015.0,PJ,27828398000105,AREIA,MG,3133303,ITAOBIM,"821,8",t  ,"317,4",2022-09-02 09:40:00
2022,9,831214.0,1992.0,PJ,38564373000168,AREIA,MG,3168606,TEÓFILO OTONI,"5041,19",t  ,"4099,85",2022-09-19 11:38:00
2022,9,830490.0,2004.0,PJ,41519248000140,PEGMATITO,MG,3157005,SALINAS,"102,91",m3 ,"6471,54",2022-09-01 11:17:00
2022,10,830770.0,2012.0,PJ,25897802000177,ARGILA,MG,3141801,MINAS NOVAS,7000000,kg ,1400,2022-10-04 16:41:00
2022,10,832119.0,1986.0,PJ,42794263000160,FELDSPATO,MG,3157005,SALINAS,"57,14",m3 ,"6938,37",2022-10-12 19:53:00
2022,10,830653.0,2012.0,PF,***056077**,AREIA,MG,3171600,VIRGEM DA LAPA,1600,t  ,"198,74",2022-10-19 15:21:00
2022,10,830893.0,2013.0,PJ,22108450000135,GNAISSE,MG,3157005,SALINAS,"5339,5",m3 ,"2688,53",2022-10-18 16:48:00
2022,10,831501.0,2003.0,PJ,04867725000132,XISTO,MG,3134004,ITINGA,"265,11",t  ,"5231,79",2022-10-21 15:53:00
2022,10,821951.0,1969.0,PJ,05106351000103,FELDSPATO,MG,3134004,ITINGA,"386,14",t  ,"6088,63",2022-10-21 16:02:00
2022,10,833123.0,2003.0,PJ,08139144000135,GRANITO,MG,3134004,ITINGA,"20,46",m3 ,"513,33",2022-10-10 09:16:00
2022,10,831071.0,2017.0,PJ,25102005000156,ARGILA,MG,3168606,TEÓFILO OTONI,425,t  ,"190,36",2022-10-06 09:17:00
2022,10,831459.0,1986.0,PJ,71333736000120,GRANITO,MG,3141405,MEDINA,"197,55",m3 ,"5048,05",2022-10-20 18:17:00
2022,10,830924.0,2015.0,PF,***046805**,AREIA,MG,3169703,TURMALINA,"271,5",t  ,"190,74",2022-10-31 13:19:00
2022,10,830011.0,2007.0,PJ,00968624000105,GRANITO,MG,3141405,MEDINA,"320,19",m3 ,"1719,56",2022-10-19 16:43:00
2022,10,832100.0,2006.0,PJ,03087551000122,GNAISSE,MG,3168606,TEÓFILO OTONI,"26545,92",t  ,"387,16",2022-10-05 11:37:00
2022,10,834323.0,2007.0,PJ,03933619000147,GRANITO,MG,3156502,RUBELITA,"208,63",t  ,"5220,87",2022-10-24 14:47:00
2022,10,832854.0,2003.0,PJ,05591773000103,GRANITO,MG,3134004,ITINGA,"95,2",m3 ,"5468,44",2022-10-14 16:37:00
2022,10,830734.0,2015.0,PJ,07663795000167,AREIA,MG,3169703,TURMALINA,"299,05",t  ,"146,65",2022-10-31 13:12:00
2022,10,833956.0,2012.0,PJ,07956583000178,GNAISSE,MG,3139201,MALACACHETA,"65,39",m3 ,"1800,61",2022-10-06 14:26:00
2022,10,830515.0,2018.0,PJ,08701276000109,CASCALHO,MG,3171600,VIRGEM DA LAPA,27234,t  ,"200,21",2022-10-15 06:57:00
2022,10,830195.0,2003.0,PJ,15783338000134,GRANITO,MG,3156502,RUBELITA,"84,99",m3 ,"1976,47",2022-10-31 11:25:00
2022,10,831424.0,2013.0,PJ,19296734000198,GRANITO,MG,3156502,RUBELITA,"57,33",m3 ,"2473,78",2022-10-24 16:19:00
2022,10,930078.0,1997.0,PJ,21228861000100,GRAFITA,MG,3148707,PEDRA AZUL,"120,48",t  ,"27334,78",2022-10-04 09:50:00
2022,10,830360.0,2018.0,PJ,27828398000105,TURMALINA,MG,3134004,ITINGA,10000,kg ,"388,72",2022-10-21 07:46:00
2022,10,830089.0,2000.0,PJ,36346393000137,GRANITO,MG,3134004,ITINGA,"83,61",m3 ,"1363,56",2022-10-14 10:02:00
2022,10,830003.0,2004.0,PJ,39365754000180,GRANITO,MG,3134004,ITINGA,"11,72",m3 ,"140,69",2022-10-28 14:55:00
2022,10,831608.0,2002.0,PJ,39365754000180,GRANITO,MG,3134004,ITINGA,"220,93",m3 ,"2651,16",2022-10-28 14:53:00
2022,10,830899.0,2017.0,PJ,39781309000100,GRANITO,MG,3169703,TURMALINA,"8368,4",t  ,"5789,43",2022-10-10 10:46:00
2022,10,830490.0,2004.0,PJ,41519248000140,PEGMATITO,MG,3157005,SALINAS,"64,45",m3 ,"2667,54",2022-10-13 15:10:00
2022,10,831415.0,2004.0,PJ,42837484000178,GRANITO,MG,3103405,ARAÇUAÍ,"56,61",m3 ,"327,26",2022-10-24 10:18:00
2022,11,833597.0,2006.0,PJ,01969976000130,AREIA,MG,3168606,TEÓFILO OTONI,105,t  ,"106,63",2022-11-03 14:39:00
2022,11,833597.0,2006.0,PJ,01969976000130,AREIA,MG,3168606,TEÓFILO OTONI,154,t  ,"157,36",2022-11-03 14:36:00
2022,11,832033.0,2009.0,PJ,11430465000107,AREIA,MG,3103405,ARAÇUAÍ,"635,6",t  ,"101,64",2022-11-11 17:36:00
2022,11,832033.0,2009.0,PJ,11430465000107,AREIA,MG,3103405,ARAÇUAÍ,1051,t  ,"437,81",2022-11-11 17:48:00
2022,11,832119.0,1986.0,PJ,42794263000160,FELDSPATO,MG,3157005,SALINAS,"230,48",m3 ,"22070,53",2022-11-14 21:17:00
2022,11,833597.0,2006.0,PJ,01969976000130,AREIA,MG,3168606,TEÓFILO OTONI,462,t  ,"374,54",2022-11-18 15:32:00
2022,11,830683.0,2015.0,PJ,03478696000154,AREIA,MG,3168606,TEÓFILO OTONI,"416,56",t  ,"184,25",2022-11-07 10:44:00
2022,11,832578.0,2012.0,PJ,09094556000169,GRANITO,MG,3119500,CORONEL MURTA,"31,09",m3 ,"294,43",2022-11-10 16:33:00
2022,11,833857.0,2011.0,PJ,12294384000181,GRANITO,MG,3168606,TEÓFILO OTONI,"73,34",m3 ,"1965,96",2022-11-20 17:23:00
2022,11,830893.0,2013.0,PJ,22108450000135,GNAISSE,MG,3157005,SALINAS,"7040,99",m3 ,"3580,04",2022-11-18 15:51:00
2022,11,831415.0,2004.0,PJ,42837484000178,GRANITO,MG,3103405,ARAÇUAÍ,"64,21",m3 ,"253,12",2022-11-14 09:55:00
2022,11,830924.0,2015.0,PF,***046805**,AREIA,MG,3169703,TURMALINA,300,t  ,"90,48",2022-11-30 20:57:00
2022,11,830011.0,2007.0,PJ,00968624000105,GRANITO,MG,3141405,MEDINA,"56,37",m3 ,"217,26",2022-11-22 14:45:00
2022,11,831680.0,2012.0,PJ,01902521000105,ARGILA,MG,3169703,TURMALINA,350,t  ,14,2022-11-03 10:59:00
2022,11,832358.0,2008.0,PJ,01902521000105,ARGILA,MG,3169703,TURMALINA,350,t  ,14,2022-11-03 10:42:00
2022,11,831680.0,2012.0,PJ,01902521000105,ARGILA,MG,3169703,TURMALINA,400,t  ,16,2022-11-03 10:53:00
2022,11,831922.0,2005.0,PJ,01902521000105,ARGILA REFRATÁRIA,MG,3169703,TURMALINA,400,t  ,16,2022-11-03 10:35:00
2022,11,831922.0,2005.0,PJ,01902521000105,ARGILA REFRATÁRIA,MG,3169703,TURMALINA,400,t  ,32,2022-11-03 10:38:00
2022,11,834323.0,2007.0,PJ,03933619000147,GRANITO,MG,3156502,RUBELITA,"402,21",t  ,"11538,61",2022-11-30 10:40:00
2022,11,831501.0,2003.0,PJ,04867725000132,XISTO,MG,3134004,ITINGA,"95,61",t  ,"5801,45",2022-11-29 20:54:00
2022,11,821951.0,1969.0,PJ,05106351000103,FELDSPATO,MG,3134004,ITINGA,"527,28",t  ,"8347,04",2022-11-29 20:58:00
2022,11,803441.0,1974.0,PJ,05106351000103,FELDSPATO,MG,3134004,ITINGA,"12,36",t  ,"1451,52",2022-11-29 21:05:00
2022,11,832854.0,2003.0,PJ,05591773000103,GRANITO,MG,3134004,ITINGA,"61,69",m3 ,"3483,31",2022-11-11 15:30:00
2022,11,832779.0,2010.0,PJ,05591773000103,GRANITO,MG,3156502,RUBELITA,"33,27",m3 ,"1617,59",2022-11-11 15:36:00
2022,11,830734.0,2015.0,PJ,07663795000167,AREIA,MG,3169703,TURMALINA,12,t  ,"3,62",2022-11-30 20:54:00
2022,11,833956.0,2012.0,PJ,07956583000178,GNAISSE,MG,3139201,MALACACHETA,"17,67",m3 ,"603,73",2022-11-03 10:23:00
2022,11,831039.0,2012.0,PJ,10831894000115,AREIA,MG,3141801,MINAS NOVAS,"1,13",t  ,"373,82",2022-11-21 16:22:00
2022,11,831039.0,2012.0,PJ,10831894000115,AREIA,MG,3141801,MINAS NOVAS,"0,47",t  ,"161,48",2022-11-09 14:45:00
2022,11,830195.0,2003.0,PJ,15783338000134,GRANITO,MG,3156502,RUBELITA,"10,47",m3 ,244,2022-11-11 10:26:00
2022,11,930078.0,1997.0,PJ,21228861000100,GRAFITA,MG,3148707,PEDRA AZUL,"248,34",t  ,"46284,76",2022-11-03 08:52:00
2022,11,930078.0,1997.0,PJ,21228861000100,GRAFITA,MG,3148707,PEDRA AZUL,"3748,35",t  ,"361895,66",2022-11-03 08:50:00
2022,11,831071.0,2017.0,PJ,25102005000156,ARGILA,MG,3168606,TEÓFILO OTONI,360,t  ,"170,14",2022-11-07 15:38:00
2022,11,830564.0,2015.0,PJ,25482167000167,ARGILA,MG,3141801,MINAS NOVAS,400,t  ,16,2022-11-03 10:51:00
2022,11,830564.0,2015.0,PJ,25482167000167,ARGILA,MG,3141801,MINAS NOVAS,300,t  ,12,2022-11-03 10:49:00
2022,11,832983.0,2011.0,PJ,25482167000167,ARGILA,MG,3169703,TURMALINA,400,t  ,16,2022-11-03 11:03:00
2022,11,830269.0,1990.0,PJ,38564373000168,GRANITO,MG,3168606,TEÓFILO OTONI,"6184,9",t  ,"4907,04",2022-11-16 09:43:00
2022,11,830899.0,2017.0,PJ,39781309000100,GRANITO,MG,3169703,TURMALINA,"5274,31",t  ,"3804,04",2022-11-07 14:52:00
2022,12,832033.0,2009.0,PJ,11430465000107,AREIA,MG,3103405,ARAÇUAÍ,63,t  ,"28,66",2022-12-01 15:01:00
2022,12,831919.0,2017.0,PJ,42769956000100,MINÉRIO DE OURO,MG,3171600,VIRGEM DA LAPA,"60,1",kg ,"225,96",2022-12-02 14:08:00
2022,12,833597.0,2006.0,PJ,01969976000130,AREIA,MG,3168606,TEÓFILO OTONI,210,t  ,"224,73",2022-12-16 16:36:00
2022,12,833597.0,2006.0,PJ,01969976000130,AREIA,MG,3168606,TEÓFILO OTONI,154,t  ,"87,82",2022-12-16 16:33:00
2022,12,833597.0,2006.0,PJ,01969976000130,AREIA,MG,3168606,TEÓFILO OTONI,301,t  ,"356,94",2022-12-16 16:36:00
2022,12,833597.0,2006.0,PJ,01969976000130,AREIA,MG,3168606,TEÓFILO OTONI,"149,8",t  ,"126,08",2022-12-16 16:35:00
2022,12,833597.0,2006.0,PJ,01969976000130,AREIA,MG,3168606,TEÓFILO OTONI,91,t  ,"101,55",2022-12-16 16:34:00
2022,12,831424.0,2013.0,PJ,19296734000198,GRANITO,MG,3156502,RUBELITA,"14,21",m3 ,"1115,99",2022-12-13 16:21:00
2022,12,830016.0,2004.0,PJ,39282298000105,GRANITO,MG,3119500,CORONEL MURTA,"8,82",m3 ,"152,19",2022-12-13 14:02:00
2022,12,832119.0,1986.0,PJ,42794263000160,FELDSPATO,MG,3157005,SALINAS,"76,59",m3 ,"4563,83",2022-12-17 11:31:00
2022,12,830011.0,2007.0,PJ,00968624000105,GRANITO,MG,3141405,MEDINA,"8,61",m3 ,"33,19",2022-12-14 09:51:00
2022,12,832950.0,2007.0,PF,***046805**,AREIA,MG,3169703,TURMALINA,1005,t  ,"155,2",2022-12-26 11:09:00
2022,12,832348.0,2000.0,PJ,03933619000147,GRANITO,MG,3133303,ITAOBIM,"282,63",t  ,"3403,71",2022-12-19 09:51:00
2022,12,834323.0,2007.0,PJ,03933619000147,GRANITO,MG,3156502,RUBELITA,"219,37",t  ,"5886,38",2022-12-19 09:56:00
2022,12,821951.0,1969.0,PJ,05106351000103,FELDSPATO,MG,3134004,ITINGA,"25,63",t  ,"1344,65",2022-12-19 16:41:00
2022,12,832578.0,2012.0,PJ,09094556000169,GRANITO,MG,3119500,CORONEL MURTA,"32,77",m3 ,"310,39",2022-12-08 14:07:00
2022,12,832586.0,2009.0,PJ,09094556000169,GRANITO,MG,3119500,CORONEL MURTA,"129,56",m3 ,"1227,04",2022-12-08 14:04:00
2022,12,830893.0,2013.0,PJ,22108450000135,GNAISSE,MG,3157005,SALINAS,"10157,44",m3 ,"5476,47",2022-12-22 16:14:00
2022,12,830683.0,2015.0,PJ,03478696000154,AREIA,MG,3168606,TEÓFILO OTONI,"359,98",t  ,"139,55",2022-12-05 10:32:00
2022,12,832358.0,2008.0,PJ,01902521000105,ARGILA,MG,3169703,TURMALINA,400,t  ,16,2022-12-05 10:38:00
2022,12,832358.0,2008.0,PJ,01902521000105,ARGILA,MG,3169703,TURMALINA,300,t  ,24,2022-12-05 10:35:00
2022,12,831680.0,2012.0,PJ,01902521000105,ARGILA,MG,3169703,TURMALINA,200,t  ,8,2022-12-05 10:30:00
2022,12,833597.0,2006.0,PJ,01969976000130,AREIA,MG,3168606,TEÓFILO OTONI,420,t  ,"376,75",2022-12-28 17:02:00
2022,12,831501.0,2003.0,PJ,04867725000132,XISTO,MG,3134004,ITINGA,"291,14",t  ,"4314,94",2022-12-19 16:22:00
2022,12,830564.0,2015.0,PJ,25482167000167,ARGILA,MG,3141801,MINAS NOVAS,300,t  ,12,2022-12-05 10:50:00
2022,12,830564.0,2015.0,PJ,25482167000167,ARGILA,MG,3141801,MINAS NOVAS,350,t  ,14,2022-12-05 10:48:00
2022,12,832983.0,2011.0,PJ,25482167000167,ARGILA,MG,3169703,TURMALINA,350,t  ,14,2022-12-05 10:56:00
2022,12,832983.0,2011.0,PJ,25482167000167,ARGILA,MG,3169703,TURMALINA,400,t  ,32,2022-12-05 10:55:00
2022,12,830089.0,2000.0,PJ,36346393000137,GRANITO,MG,3134004,ITINGA,"47,37",m3 ,"762,61",2022-12-13 10:27:00
2022,12,832100.0,2006.0,PJ,03087551000122,GNAISSE,MG,3168606,TEÓFILO OTONI,"16342,78",t  ,"238,28",2022-12-08 14:30:00
2022,12,832779.0,2010.0,PJ,05591773000103,GRANITO,MG,3156502,RUBELITA,"43,92",m3 ,"2128,47",2022-12-14 13:25:00
2022,12,930078.0,1997.0,PJ,21228861000100,GRAFITA,MG,3148707,PEDRA AZUL,"3876,65",t  ,"370748,47",2022-12-05 09:50:00
2022,12,807022.0,1971.0,PJ,21624671000101,ESPODUMÊNIO,MG,3134004,ITINGA,"8323,27",t  ,"3363194,54",2022-12-21 10:59:00
2022,12,831608.0,2002.0,PJ,39365754000180,GRANITO,MG,3134004,ITINGA,"160,38",m3 ,"1934,82",2022-12-14 12:08:00
2022,12,830899.0,2017.0,PJ,39781309000100,GRANITO,MG,3169703,TURMALINA,2290,t  ,"2721,09",2022-12-28 13:32:00
2023,1,830663.0,2003.0,PJ,05284593000189,GRANITO,MG,3157005,SALINAS,"25,8",m3 ,"153,23",2022-12-26 14:51:00
2023,1,831071.0,2017.0,PJ,25102005000156,ARGILA,MG,3168606,TEÓFILO OTONI,270,t  ,"122,34",2022-12-05 17:05:00
2023,1,830770.0,2012.0,PJ,25897802000177,ARGILA,MG,3141801,MINAS NOVAS,200,t  ,70,2022-12-12 16:06:00
2023,1,832033.0,2009.0,PJ,11430465000107,AREIA,MG,3103405,ARAÇUAÍ,"1250,2",t  ,"230,25",2023-01-03 17:00:00
2023,1,834323.0,2007.0,PJ,03933619000147,GRANITO,MG,3156502,RUBELITA,"54,67",t  ,"1960,34",2023-01-17 15:47:00
2023,1,832545.0,1987.0,PJ,24042913000139,GRANITO,MG,3141405,MEDINA,"5,22",m3 ,"40,24",2023-01-19 18:29:00
2023,1,832119.0,1986.0,PJ,42794263000160,FELDSPATO,MG,3157005,SALINAS,"118,01",m3 ,"7079,06",2023-01-20 23:08:00
2023,1,831459.0,1986.0,PJ,71333736000120,GRANITO,MG,3141405,MEDINA,"21,64",m3 ,"178,08",2023-01-19 18:38:00
2023,1,830683.0,2015.0,PJ,03478696000154,AREIA,MG,3168606,TEÓFILO OTONI,"414,92",t  ,"170,69",2023-01-04 10:43:00
2023,1,832358.0,2008.0,PJ,01902521000105,ARGILA,MG,3169703,TURMALINA,300,t  ,12,2023-01-02 15:25:00
2023,1,831680.0,2012.0,PJ,01902521000105,ARGILA,MG,3169703,TURMALINA,300,t  ,12,2023-01-02 15:00:00
2023,1,831680.0,2012.0,PJ,01902521000105,ARGILA,MG,3169703,TURMALINA,300,t  ,12,2023-01-02 14:58:00
2023,1,831680.0,2012.0,PJ,01902521000105,ARGILA,MG,3169703,TURMALINA,300,t  ,12,2023-01-02 14:57:00
2023,1,831680.0,2012.0,PJ,01902521000105,ARGILA,MG,3169703,TURMALINA,300,t  ,12,2023-01-02 14:32:00
2023,1,832358.0,2008.0,PJ,01902521000105,ARGILA,MG,3169703,TURMALINA,200,t  ,8,2023-01-02 15:26:00
2023,1,832358.0,2008.0,PJ,01902521000105,ARGILA,MG,3169703,TURMALINA,250,t  ,10,2023-01-02 15:24:00
2023,1,832358.0,2008.0,PJ,01902521000105,ARGILA,MG,3169703,TURMALINA,300,t  ,12,2023-01-02 15:22:00
2023,1,832358.0,2008.0,PJ,01902521000105,ARGILA,MG,3169703,TURMALINA,250,t  ,10,2023-01-02 15:29:00
2023,1,831680.0,2012.0,PJ,01902521000105,ARGILA,MG,3169703,TURMALINA,250,t  ,10,2023-01-02 15:04:00
2023,1,832358.0,2008.0,PJ,01902521000105,ARGILA,MG,3169703,TURMALINA,200,t  ,8,2023-01-02 15:27:00
2023,1,831680.0,2012.0,PJ,01902521000105,ARGILA,MG,3169703,TURMALINA,250,t  ,10,2023-01-02 15:01:00
2023,1,831680.0,2012.0,PJ,01902521000105,ARGILA,MG,3169703,TURMALINA,250,t  ,10,2023-01-02 15:02:00
2023,1,832100.0,2006.0,PJ,03087551000122,GNAISSE,MG,3168606,TEÓFILO OTONI,"13300,17",t  ,"193,92",2023-01-06 09:51:00
2023,1,831501.0,2003.0,PJ,04867725000132,XISTO,MG,3134004,ITINGA,"13,64",t  ,"311,41",2023-01-25 10:15:00
2023,1,830893.0,2013.0,PJ,22108450000135,GNAISSE,MG,3157005,SALINAS,"5501,26",m3 ,"3066,79",2023-01-19 16:27:00
2023,1,830564.0,2015.0,PJ,25482167000167,ARGILA,MG,3141801,MINAS NOVAS,350,t  ,14,2023-01-02 14:29:00
2023,1,830564.0,2015.0,PJ,25482167000167,ARGILA,MG,3141801,MINAS NOVAS,300,t  ,12,2023-01-02 14:27:00
2023,1,830564.0,2015.0,PJ,25482167000167,ARGILA,MG,3141801,MINAS NOVAS,300,t  ,24,2023-01-02 14:24:00
2023,1,830564.0,2015.0,PJ,25482167000167,ARGILA,MG,3141801,MINAS NOVAS,300,t  ,12,2023-01-02 14:17:00
2023,1,830564.0,2015.0,PJ,25482167000167,ARGILA,MG,3141801,MINAS NOVAS,300,t  ,12,2023-01-02 14:23:00
2023,1,830564.0,2015.0,PJ,25482167000167,ARGILA,MG,3141801,MINAS NOVAS,250,t  ,10,2023-01-02 14:22:00
2023,1,832983.0,2011.0,PJ,25482167000167,ARGILA,MG,3169703,TURMALINA,250,t  ,10,2023-01-02 15:11:00
2023,1,832983.0,2011.0,PJ,25482167000167,ARGILA,MG,3169703,TURMALINA,350,t  ,14,2023-01-02 15:17:00
2023,1,830089.0,2000.0,PJ,36346393000137,GRANITO,MG,3134004,ITINGA,76,m3 ,"1352,43",2023-01-16 09:32:00
2023,1,830011.0,2007.0,PJ,00968624000105,GRANITO,MG,3141405,MEDINA,"577,76",m3 ,"3177,7",2023-01-18 09:06:00
2023,1,830185.0,2010.0,PJ,04180718000168,GRANITO,MG,3156502,RUBELITA,"11,67",m2 ,"438,89",2023-01-13 11:05:00
2023,1,830663.0,2003.0,PJ,05284593000189,GRANITO,MG,3157005,SALINAS,"245,43",m3 ,"10214,45",2023-01-26 08:35:00
2023,1,832779.0,2010.0,PJ,05591773000103,GRANITO,MG,3156502,RUBELITA,"17,78",m3 ,"913,31",2023-01-13 15:09:00
2023,1,832578.0,2012.0,PJ,09094556000169,GRANITO,MG,3119500,CORONEL MURTA,"11,18",m3 ,"105,92",2023-01-11 16:39:00
2023,1,930078.0,1997.0,PJ,21228861000100,GRAFITA,MG,3148707,PEDRA AZUL,"260,39",t  ,"52433,9",2023-01-05 15:01:00
2023,1,930078.0,1997.0,PJ,21228861000100,GRAFITA,MG,3148707,PEDRA AZUL,"2961,22",t  ,"281458,48",2023-01-05 14:58:00
2023,1,807022.0,1971.0,PJ,21624671000101,ESPODUMÊNIO,MG,3134004,ITINGA,"724,49",t  ,"24116,63",2023-01-31 08:20:00
2023,1,830360.0,2018.0,PJ,27828398000105,FELDSPATO,MG,3134004,ITINGA,80000,kg ,"1238,94",2023-01-16 11:13:00
2023,1,831608.0,2002.0,PJ,39365754000180,GRANITO,MG,3134004,ITINGA,"101,58",m3 ,"1232,13",2023-01-30 10:23:00
2023,1,830367.0,2015.0,PJ,43215619000126,AREIA,MG,3133303,ITAOBIM,1092,t  ,"311,7",2023-01-27 11:27:00
2023,2,831071.0,2017.0,PJ,25102005000156,ARGILA,MG,3168606,TEÓFILO OTONI,99,t  ,"47,04",2023-02-01 15:13:00
2023,2,831039.0,2012.0,PJ,10831894000115,AREIA,MG,3141801,MINAS NOVAS,"0,06",t  ,19,2023-02-13 11:18:00
2023,2,832545.0,1987.0,PJ,24042913000139,GRANITO,MG,3141405,MEDINA,"10,25",m3 ,"72,35",2023-02-16 17:25:00
2023,2,831459.0,1986.0,PJ,71333736000120,GRANITO,MG,3141405,MEDINA,"47,42",m3 ,"367,95",2023-02-16 17:28:00
2023,2,832222.0,2012.0,PJ,21373593000101,GRANITO,MG,3119500,CORONEL MURTA,52,m3 ,"491,92",2023-02-22 20:09:00
2023,2,830924.0,2015.0,PF,***046805**,AREIA,MG,3169703,TURMALINA,60,t  ,"16,12",2023-02-26 23:53:00
2023,2,832358.0,2008.0,PJ,01902521000105,ARGILA,MG,3169703,TURMALINA,250,t  ,10,2023-02-02 08:14:00
2023,2,832358.0,2008.0,PJ,01902521000105,ARGILA,MG,3169703,TURMALINA,200,t  ,8,2023-02-02 08:12:00
2023,2,831680.0,2012.0,PJ,01902521000105,ARGILA,MG,3169703,TURMALINA,300,t  ,12,2023-02-02 08:05:00
2023,2,831680.0,2012.0,PJ,01902521000105,ARGILA,MG,3169703,TURMALINA,300,t  ,12,2023-02-02 07:59:00
2023,2,831922.0,2005.0,PJ,01902521000105,ARGILA REFRATÁRIA,MG,3169703,TURMALINA,250,t  ,10,2023-02-02 07:54:00
2023,2,830564.0,2015.0,PJ,25482167000167,ARGILA,MG,3141801,MINAS NOVAS,250,t  ,10,2023-02-02 07:50:00
2023,2,830564.0,2015.0,PJ,25482167000167,ARGILA,MG,3141801,MINAS NOVAS,250,t  ,10,2023-02-02 07:53:00
2023,2,830564.0,2015.0,PJ,25482167000167,ARGILA,MG,3141801,MINAS NOVAS,300,t  ,12,2023-02-02 07:52:00
2023,2,832983.0,2011.0,PJ,25482167000167,ARGILA,MG,3169703,TURMALINA,250,t  ,10,2023-02-02 08:15:00
2023,2,832983.0,2011.0,PJ,25482167000167,ARGILA,MG,3169703,TURMALINA,250,t  ,10,2023-02-02 08:18:00
2023,2,832983.0,2011.0,PJ,25482167000167,ARGILA,MG,3169703,TURMALINA,250,t  ,10,2023-02-02 08:20:00
2023,2,830089.0,2000.0,PJ,36346393000137,GRANITO,MG,3134004,ITINGA,"28,75",m3 ,"458,92",2023-02-10 16:07:00
2023,2,830185.0,2010.0,PJ,04180718000168,GRANITO,MG,3156502,RUBELITA,"34,93",m3 ,"1533,21",2023-02-09 11:05:00
2023,2,831501.0,2003.0,PJ,04867725000132,XISTO,MG,3134004,ITINGA,"80,74",t  ,"425,83",2023-02-27 20:21:00
2023,2,821951.0,1969.0,PJ,05106351000103,FELDSPATO,MG,3134004,ITINGA,"0,01",t  ,"2561,54",2023-02-27 20:32:00
2023,2,803441.0,1974.0,PJ,05106351000103,FELDSPATO,MG,3134004,ITINGA,"1,04",t  ,"22,51",2023-02-27 20:48:00
2023,2,833956.0,2012.0,PJ,07956583000178,GNAISSE,MG,3139201,MALACACHETA,"24,1",m3 ,"601,61",2023-02-27 08:37:00
2023,2,832578.0,2012.0,PJ,09094556000169,GRANITO,MG,3119500,CORONEL MURTA,"22,14",m3 ,"243,29",2023-02-08 10:41:00
2023,2,833857.0,2011.0,PJ,12294384000181,GRANITO,MG,3168606,TEÓFILO OTONI,"34,48",m3 ,"960,77",2023-02-27 19:15:00
2023,2,830195.0,2003.0,PJ,15783338000134,GRANITO,MG,3156502,RUBELITA,"93,78",m3 ,"2200,46",2023-02-27 21:06:00
2023,2,930078.0,1997.0,PJ,21228861000100,GRAFITA,MG,3148707,PEDRA AZUL,"142,96",t  ,"31914,9",2023-02-06 15:29:00
2023,2,930078.0,1997.0,PJ,21228861000100,GRAFITA,MG,3148707,PEDRA AZUL,"2438,93",t  ,"228942,9",2023-02-06 15:13:00
2023,2,830770.0,2012.0,PJ,25897802000177,ARGILA,MG,3141801,MINAS NOVAS,200000,t  ,60,2023-02-08 15:07:00
2023,2,833804.0,2008.0,PJ,25897802000177,ARGILA,MG,3169703,TURMALINA,200,t  ,30,2023-02-24 13:14:00
2023,2,832119.0,1986.0,PJ,42794263000160,FELDSPATO,MG,3157005,SALINAS,"48,7",m3 ,"4300,46",2023-02-28 17:38:00
2023,3,830515.0,2018.0,PJ,08701276000109,AREIA,MG,3171600,VIRGEM DA LAPA,"190,4",t  ,"38,11",2023-03-02 08:58:00
2023,3,830515.0,2018.0,PJ,08701276000109,AREIA,MG,3171600,VIRGEM DA LAPA,"12,8",t  ,"9,26",2023-03-02 09:07:00
2023,3,830337.0,1979.0,PJ,18702175000106,QUARTZO,MG,3103405,ARAÇUAÍ,"12,34",t  ,"208,27",2023-03-06 10:52:00
2023,3,830337.0,1979.0,PJ,18702175000106,QUARTZO,MG,3103405,ARAÇUAÍ,26,t  ,"422,39",2023-03-08 09:55:00
2023,3,830337.0,1979.0,PJ,18702175000106,QUARTZO,MG,3103405,ARAÇUAÍ,57,t  ,"939,89",2023-03-08 09:54:00
2023,3,830337.0,1979.0,PJ,18702175000106,QUARTZO,MG,3103405,ARAÇUAÍ,"8,4",t  ,"163,94",2023-03-08 09:52:00
2023,3,830337.0,1979.0,PJ,18702175000106,QUARTZO,MG,3103405,ARAÇUAÍ,27,t  ,"424,87",2023-03-08 09:58:00
2023,3,830337.0,1979.0,PJ,18702175000106,QUARTZO,MG,3103405,ARAÇUAÍ,"51,5",t  ,"1397,45",2023-03-08 09:49:00
2023,3,830337.0,1979.0,PJ,18702175000106,QUARTZO,MG,3103405,ARAÇUAÍ,"52,9",t  ,"927,88",2023-03-08 10:01:00
2023,3,830337.0,1979.0,PJ,18702175000106,QUARTZO,MG,3103405,ARAÇUAÍ,"55,8",t  ,"899,19",2023-03-08 10:02:00
2023,3,830337.0,1979.0,PJ,18702175000106,QUARTZO,MG,3103405,ARAÇUAÍ,31,t  ,"464,68",2023-03-08 10:03:00
2023,3,831680.0,2012.0,PJ,01902521000105,ARGILA,MG,3169703,TURMALINA,400,t  ,20,2023-03-13 09:16:00
2023,3,833612.0,2013.0,PJ,09554036000191,ARGILA,MG,3157005,SALINAS,522,t  ,"202,79",2023-03-14 14:33:00
2023,3,833612.0,2013.0,PJ,09554036000191,ARGILA,MG,3157005,SALINAS,551,t  ,"209,11",2023-03-14 14:34:00
2023,3,833612.0,2013.0,PJ,09554036000191,ARGILA,MG,3157005,SALINAS,580,t  ,"217,35",2023-03-14 14:36:00
2023,3,833611.0,2013.0,PJ,09554036000191,ARGILA,MG,3157005,SALINAS,638,t  ,"258,26",2023-03-14 14:40:00
2023,3,833611.0,2013.0,PJ,09554036000191,ARGILA,MG,3157005,SALINAS,348,t  ,"141,01",2023-03-14 14:41:00
2023,3,833611.0,2013.0,PJ,09554036000191,ARGILA,MG,3157005,SALINAS,638,t  ,"255,58",2023-03-14 14:42:00
2023,3,833611.0,2013.0,PJ,09554036000191,ARGILA,MG,3157005,SALINAS,464,t  ,"182,54",2023-03-14 14:43:00
2023,3,830796.0,2013.0,PJ,09554036000191,ARGILA,MG,3157005,SALINAS,638,t  ,"258,26",2023-03-14 14:49:00
2023,3,833612.0,2013.0,PJ,09554036000191,ARGILA,MG,3157005,SALINAS,464,t  ,"182,54",2023-03-14 14:32:00
2023,3,830796.0,2013.0,PJ,09554036000191,ARGILA,MG,3157005,SALINAS,348,t  ,"141,01",2023-03-14 14:49:00
2023,3,833612.0,2013.0,PJ,09554036000191,ARGILA,MG,3157005,SALINAS,87,t  ,"32,63",2023-03-14 14:37:00
2023,3,833611.0,2013.0,PJ,09554036000191,ARGILA,MG,3157005,SALINAS,87,t  ,"32,63",2023-03-14 14:47:00
2023,3,833612.0,2013.0,PJ,09554036000191,ARGILA,MG,3157005,SALINAS,638,t  ,"255,58",2023-03-14 14:31:00
2023,3,830796.0,2013.0,PJ,09554036000191,ARGILA,MG,3157005,SALINAS,464,t  ,"182,54",2023-03-14 14:51:00
2023,3,830796.0,2013.0,PJ,09554036000191,ARGILA,MG,3157005,SALINAS,87,t  ,"32,63",2023-03-14 14:56:00
2023,3,833612.0,2013.0,PJ,09554036000191,ARGILA,MG,3157005,SALINAS,348,t  ,"141,01",2023-03-14 14:31:00
2023,3,830796.0,2013.0,PJ,09554036000191,ARGILA,MG,3157005,SALINAS,551,t  ,"209,11",2023-03-14 14:53:00
2023,3,830796.0,2013.0,PJ,09554036000191,ARGILA,MG,3157005,SALINAS,580,t  ,"217,35",2023-03-14 14:55:00
2023,3,830683.0,2015.0,PJ,03478696000154,AREIA,MG,3168606,TEÓFILO OTONI,"372,28",t  ,"165,51",2023-03-06 10:56:00
2023,3,832545.0,1987.0,PJ,24042913000139,GRANITO,MG,3141405,MEDINA,"39,78",m3 ,"283,5",2023-03-21 17:28:00
2023,3,831459.0,1986.0,PJ,71333736000120,GRANITO,MG,3141405,MEDINA,"234,07",m3 ,"5251,31",2023-03-21 17:59:00
2023,3,834323.0,2007.0,PJ,03933619000147,GRANITO,MG,3156502,RUBELITA,"391,48",t  ,"10318,33",2023-03-06 10:51:00
2023,3,832033.0,2009.0,PJ,11430465000107,AREIA,MG,3103405,ARAÇUAÍ,"1089,5",t  ,"318,23",2023-03-07 15:54:00
2023,3,831071.0,2017.0,PJ,25102005000156,ARGILA,MG,3168606,TEÓFILO OTONI,196,t  ,"94,92",2023-03-02 12:29:00
2023,3,830515.0,2018.0,PJ,08701276000109,AREIA,MG,3171600,VIRGEM DA LAPA,"171,2",t  ,"23,6",2023-03-10 08:16:00
2023,3,832578.0,2012.0,PJ,09094556000169,GRANITO,MG,3119500,CORONEL MURTA,"80,61",m3 ,"817,92",2023-03-21 09:23:00
2023,3,830653.0,2012.0,PF,***056077**,AREIA,MG,3171600,VIRGEM DA LAPA,1600,t  ,"243,18",2023-03-30 12:33:00
2023,3,830924.0,2015.0,PF,***046805**,AREIA,MG,3169703,TURMALINA,195,t  ,"120,83",2023-03-30 21:04:00
2023,3,832358.0,2008.0,PJ,01902521000105,ARGILA,MG,3169703,TURMALINA,200,t  ,8,2023-03-09 15:32:00
2023,3,832358.0,2008.0,PJ,01902521000105,ARGILA,MG,3169703,TURMALINA,250,t  ,10,2023-03-09 15:38:00
2023,3,832358.0,2008.0,PJ,01902521000105,ARGILA,MG,3169703,TURMALINA,300,t  ,12,2023-03-09 15:43:00
2023,3,831680.0,2012.0,PJ,01902521000105,ARGILA,MG,3169703,TURMALINA,300,t  ,12,2023-03-09 15:15:00
2023,3,831680.0,2012.0,PJ,01902521000105,ARGILA,MG,3169703,TURMALINA,250,t  ,10,2023-03-09 15:13:00
2023,3,832358.0,2008.0,PJ,01902521000105,ARGILA,MG,3169703,TURMALINA,250,t  ,10,2023-03-09 15:46:00
2023,3,831680.0,2012.0,PJ,01902521000105,ARGILA,MG,3169703,TURMALINA,300,t  ,12,2023-03-09 15:10:00
2023,3,832358.0,2008.0,PJ,01902521000105,ARGILA,MG,3169703,TURMALINA,300,t  ,12,2023-03-09 15:47:00
2023,3,831680.0,2012.0,PJ,01902521000105,ARGILA,MG,3169703,TURMALINA,250,t  ,10,2023-03-09 15:00:00
2023,3,831680.0,2012.0,PJ,01902521000105,ARGILA,MG,3169703,TURMALINA,200,t  ,8,2023-03-09 14:58:00
2023,3,831922.0,2005.0,PJ,01902521000105,ARGILA REFRATÁRIA,MG,3169703,TURMALINA,250,t  ,10,2023-03-09 15:18:00
2023,3,831922.0,2005.0,PJ,01902521000105,ARGILA REFRATÁRIA,MG,3169703,TURMALINA,200,t  ,8,2023-03-09 15:23:00
2023,3,831501.0,2003.0,PJ,04867725000132,XISTO,MG,3134004,ITINGA,"254,28",t  ,"4116,76",2023-03-31 14:01:00
2023,3,803441.0,1974.0,PJ,05106351000103,FELDSPATO,MG,3134004,ITINGA,"166,98",t  ,"3052,63",2023-03-31 14:16:00
2023,3,803441.0,1974.0,PJ,05106351000103,FELDSPATO,MG,3134004,ITINGA,"0,93",t  ,"11,83",2023-03-31 14:34:00
2023,3,830663.0,2003.0,PJ,05284593000189,GRANITO,MG,3157005,SALINAS,"198,2",m3 ,"9573,58",2023-03-27 07:47:00
2023,3,832854.0,2003.0,PJ,05591773000103,GRANITO,MG,3134004,ITINGA,"136,95",m3 ,"8107,73",2023-03-15 14:10:00
2023,3,833857.0,2011.0,PJ,12294384000181,GRANITO,MG,3168606,TEÓFILO OTONI,"62,14",m3 ,"1665,74",2023-03-24 10:02:00
2023,3,807652.0,1973.0,PJ,21624671000101,MINÉRIO DE LÍTIO,MG,3103405,ARAÇUAÍ,"24759,85",t  ,"422560,15",2023-03-31 14:42:00
2023,3,807022.0,1971.0,PJ,21624671000101,ESPODUMÊNIO,MG,3134004,ITINGA,"1122,09",t  ,"91850,09",2023-03-30 13:32:00
2023,3,807652.0,1973.0,PJ,21624671000101,MINÉRIO DE LÍTIO,MG,3134004,ITINGA,"41284,03",t  ,"704567,49",2023-03-30 13:40:00
2023,3,830564.0,2015.0,PJ,25482167000167,ARGILA,MG,3141801,MINAS NOVAS,250,t  ,20,2023-03-09 13:46:00
2023,3,830564.0,2015.0,PJ,25482167000167,ARGILA,MG,3141801,MINAS NOVAS,250,t  ,20,2023-03-09 13:49:00
2023,3,830564.0,2015.0,PJ,25482167000167,ARGILA,MG,3141801,MINAS NOVAS,250,t  ,10,2023-03-09 13:55:00
2023,3,832983.0,2011.0,PJ,25482167000167,ARGILA,MG,3169703,TURMALINA,200,t  ,8,2023-03-09 15:50:00
2023,3,831608.0,2002.0,PJ,39365754000180,GRANITO,MG,3134004,ITINGA,"21,04",m3 ,"256,18",2023-03-29 08:32:00
2023,3,832119.0,1986.0,PJ,42794263000160,FELDSPATO,MG,3157005,SALINAS,"46,94",m3 ,"4187,95",2023-03-31 15:26:00
2023,3,830367.0,2015.0,PJ,43215619000126,AREIA,MG,3133303,ITAOBIM,"320,6",t  ,"106,81",2023-03-17 07:58:00
2023,3,830367.0,2015.0,PJ,43215619000126,AREIA,MG,3133303,ITAOBIM,"1072,4",t  ,"337,53",2023-03-17 08:07:00
2023,4,835006.0,2010.0,PJ,04392500000177,MINÉRIO DE OURO,MG,3103405,ARAÇUAÍ,"1,01",kg ,"7163,93",2023-04-13 08:39:00
2023,4,832578.0,2012.0,PJ,09094556000169,GRANITO,MG,3119500,CORONEL MURTA,"20,94",m3 ,"311,68",2023-04-06 14:25:00
2023,4,833804.0,2008.0,PJ,25897802000177,ARGILA,MG,3169703,TURMALINA,205,t  ,"30,75",2023-04-20 10:31:00
2023,4,830893.0,2013.0,PJ,22108450000135,GNAISSE,MG,3157005,SALINAS,"11311,59",m3 ,"5887,6",2023-04-20 16:06:00
2023,4,832545.0,1987.0,PJ,24042913000139,GRANITO,MG,3141405,MEDINA,"18,72",m3 ,"144,36",2023-04-24 16:01:00
2023,4,831459.0,1986.0,PJ,71333736000120,GRANITO,MG,3141405,MEDINA,"74,03",m3 ,"518,22",2023-04-24 16:32:00
2023,4,830924.0,2015.0,PF,***046805**,AREIA,MG,3169703,TURMALINA,"428,25",t  ,"213,14",2023-04-25 23:06:00
2023,4,821951.0,1969.0,PJ,05106351000103,FELDSPATO,MG,3134004,ITINGA,"34,5",t  ,"866,13",2023-04-18 21:09:00
2023,4,821951.0,1969.0,PJ,05106351000103,FELDSPATO,MG,3134004,ITINGA,"1,3",t  ,"114,03",2023-04-18 21:35:00
2023,4,830653.0,2012.0,PF,***056077**,AREIA,MG,3171600,VIRGEM DA LAPA,1600,t  ,"198,74",2023-04-20 09:44:00
2023,4,832358.0,2008.0,PJ,01902521000105,ARGILA,MG,3169703,TURMALINA,400,t  ,16,2023-04-05 07:41:00
2023,4,831922.0,2005.0,PJ,01902521000105,ARGILA REFRATÁRIA,MG,3169703,TURMALINA,900,t  ,36,2023-04-05 07:36:00
2023,4,830185.0,2010.0,PJ,04180718000168,GRANITO,MG,3156502,RUBELITA,"84,32",m3 ,"3317,95",2023-04-20 09:12:00
2023,4,831501.0,2003.0,PJ,04867725000132,XISTO,MG,3134004,ITINGA,"493,07",t  ,"3570,58",2023-04-18 20:54:00
2023,4,830663.0,2003.0,PJ,05284593000189,GRANITO,MG,3157005,SALINAS,"135,27",m3 ,"5053,71",2023-04-27 08:09:00
2023,4,832854.0,2003.0,PJ,05591773000103,GRANITO,MG,3134004,ITINGA,"106,26",m3 ,"6362,31",2023-04-21 16:07:00
2023,4,832779.0,2010.0,PJ,05591773000103,GRANITO,MG,3156502,RUBELITA,"102,35",m3 ,"4928,19",2023-04-21 16:13:00
2023,4,833956.0,2012.0,PJ,07956583000178,GNAISSE,MG,3139201,MALACACHETA,610,m3 ,"2196,81",2023-04-17 08:42:00
2023,4,830337.0,1979.0,PJ,18702175000106,QUARTZO,MG,3103405,ARAÇUAÍ,27000,kg ,324,2023-04-14 14:33:00
2023,4,930078.0,1997.0,PJ,21228861000100,GRAFITA,MG,3148707,PEDRA AZUL,"302,52",t  ,"65544,68",2023-04-10 15:09:00
2023,4,807652.0,1973.0,PJ,21624671000101,MINÉRIO DE LÍTIO,MG,3134004,ITINGA,"2443,16",t  ,"55678,24",2023-04-28 09:47:00
2023,4,831071.0,2017.0,PJ,25102005000156,ARGILA,MG,3168606,TEÓFILO OTONI,"232,4",t  ,"114,83",2023-04-18 16:47:00
2023,4,830564.0,2015.0,PJ,25482167000167,ARGILA,MG,3141801,MINAS NOVAS,250,t  ,10,2023-04-05 07:27:00
2023,4,830899.0,2017.0,PJ,39781309000100,GRANITO,MG,3169703,TURMALINA,"8472,32",t  ,"11385,94",2023-04-10 09:04:00
2023,5,832033.0,2009.0,PJ,11430465000107,AREIA,MG,3103405,ARAÇUAÍ,623,t  ,"294,58",2023-05-03 13:33:00
2023,5,832545.0,1987.0,PJ,24042913000139,GRANITO,MG,3141405,MEDINA,"9,49",m3 ,"73,16",2023-05-23 15:22:00
2023,5,830924.0,2015.0,PF,***046805**,AREIA,MG,3169703,TURMALINA,45,t  ,"12,06",2023-05-28 20:03:00
2023,5,830683.0,2015.0,PJ,03478696000154,AREIA,MG,3168606,TEÓFILO OTONI,"683,88",t  ,"271,09",2023-05-03 09:45:00
2023,5,832586.0,2009.0,PJ,09094556000169,GRANITO,MG,3119500,CORONEL MURTA,73,m3 ,"742,83",2023-05-15 09:31:00
2023,5,832578.0,2012.0,PJ,09094556000169,GRANITO,MG,3119500,CORONEL MURTA,"112,5",m3 ,"1144,82",2023-05-15 09:34:00
2023,5,830893.0,2013.0,PJ,22108450000135,GNAISSE,MG,3157005,SALINAS,"13708,61",m3 ,"6918,72",2023-05-19 15:37:00
2023,5,831071.0,2017.0,PJ,25102005000156,ARGILA,MG,3168606,TEÓFILO OTONI,260,t  ,"120,9",2023-05-10 15:01:00
2023,5,831680.0,2012.0,PJ,01902521000105,ARGILA,MG,3169703,TURMALINA,1500,t  ,60,2023-05-08 07:59:00
2023,5,832358.0,2008.0,PJ,01902521000105,ARGILA,MG,3169703,TURMALINA,1600,t  ,64,2023-05-08 07:54:00
2023,5,831922.0,2005.0,PJ,01902521000105,ARGILA REFRATÁRIA,MG,3169703,TURMALINA,1750,t  ,70,2023-05-08 07:49:00
2023,5,832100.0,2006.0,PJ,03087551000122,GNAISSE,MG,3168606,TEÓFILO OTONI,"24114,6",t  ,"351,17",2023-05-08 18:46:00
2023,5,834323.0,2007.0,PJ,03933619000147,GRANITO,MG,3156502,RUBELITA,"588,76",t  ,"15598,82",2023-05-11 08:50:00
2023,5,834418.0,2012.0,PJ,04180718000168,GRANITO,MG,3119500,CORONEL MURTA,"15,22",m3 ,"448,72",2023-05-16 14:52:00
2023,5,830185.0,2010.0,PJ,04180718000168,GRANITO,MG,3156502,RUBELITA,"82,19",m3 ,"3472,29",2023-05-16 14:40:00
2023,5,831501.0,2003.0,PJ,04867725000132,XISTO,MG,3134004,ITINGA,"471,58",t  ,"5585,38",2023-05-30 20:01:00
2023,5,803441.0,1974.0,PJ,05106351000103,FELDSPATO,MG,3134004,ITINGA,"6,66",t  ,"221,21",2023-05-30 20:14:00
2023,5,821951.0,1969.0,PJ,05106351000103,FELDSPATO,MG,3134004,ITINGA,"26,42",t  ,"173,69",2023-05-30 20:11:00
2023,5,821951.0,1969.0,PJ,05106351000103,FELDSPATO,MG,3134004,ITINGA,"431,27",t  ,"3526,69",2023-05-30 20:06:00
2023,5,832854.0,2003.0,PJ,05591773000103,GRANITO,MG,3134004,ITINGA,"116,78",m3 ,"6751,34",2023-05-18 18:24:00
2023,5,832779.0,2010.0,PJ,05591773000103,GRANITO,MG,3156502,RUBELITA,"44,18",m3 ,"2049,42",2023-05-19 09:00:00
2023,5,830515.0,2018.0,PJ,08701276000109,AREIA,MG,3171600,VIRGEM DA LAPA,220,t  ,"143,99",2023-05-10 08:40:00
2023,5,830195.0,2003.0,PJ,15783338000134,GRANITO,MG,3156502,RUBELITA,"60,95",m3 ,"1376,49",2023-05-31 13:23:00
2023,5,930078.0,1997.0,PJ,21228861000100,GRAFITA,MG,3148707,PEDRA AZUL,"2669,09",t  ,"262641,28",2023-05-03 17:29:00
2023,5,807652.0,1973.0,PJ,21624671000101,MINÉRIO DE LÍTIO,MG,3103405,ARAÇUAÍ,"30046,35",t  ,"745134,52",2023-05-31 10:58:00
2023,5,807022.0,1971.0,PJ,21624671000101,ESPODUMÊNIO,MG,3134004,ITINGA,"788,71",t  ,"23693,36",2023-05-31 10:48:00
2023,5,830089.0,2000.0,PJ,36346393000137,GRANITO,MG,3134004,ITINGA,"21,6",m3 ,"343,02",2023-05-11 12:59:00
2023,5,831214.0,1992.0,PJ,38564373000168,AREIA,MG,3168606,TEÓFILO OTONI,9593,t  ,"4047,19",2023-05-30 08:46:00
2023,5,831608.0,2002.0,PJ,39365754000180,GRANITO,MG,3134004,ITINGA,"97,5",m3 ,"1182,75",2023-05-29 10:58:00
2023,5,830899.0,2017.0,PJ,39781309000100,GRANITO,MG,3169703,TURMALINA,3138,t  ,"4973,88",2023-05-09 12:45:00
2023,6,832119.0,1986.0,PJ,42794263000160,FELDSPATO,MG,3157005,SALINAS,"136,18",m3 ,"12025,78",2023-06-02 18:02:00
2023,6,830011.0,2007.0,PJ,00968624000105,GRANITO,MG,3141405,MEDINA,"428,8",m3 ,"2343,58",2023-06-06 15:06:00
2023,6,831424.0,2013.0,PJ,19296734000198,GRANITO,MG,3156502,RUBELITA,"12,87",m3 ,"361,79",2023-06-15 11:23:00
2023,6,831039.0,2012.0,PJ,10831894000115,AREIA,MG,3141801,MINAS NOVAS,"0,57",t  ,"271,74",2023-06-09 14:24:00
2023,6,832545.0,1987.0,PJ,24042913000139,GRANITO,MG,3141405,MEDINA,"18,36",m3 ,"141,59",2023-06-20 09:18:00
2023,6,831459.0,1986.0,PJ,71333736000120,GRANITO,MG,3141405,MEDINA,"271,4",m3 ,"6743,08",2023-06-20 09:21:00
2023,6,830893.0,2013.0,PJ,22108450000135,GNAISSE,MG,3157005,SALINAS,"12763,91",m3 ,"6308,65",2023-06-16 14:46:00
2023,6,830089.0,2000.0,PJ,36346393000137,GRANITO,MG,3134004,ITINGA,"164,08",m3 ,"2556,19",2023-06-19 17:13:00
2023,6,833956.0,2012.0,PJ,07956583000178,GNAISSE,MG,3139201,MALACACHETA,99,m3 ,"3433,63",2023-06-02 14:12:00
2023,6,832358.0,2008.0,PJ,01902521000105,ARGILA,MG,3169703,TURMALINA,1050,t  ,42,2023-06-06 08:57:00
2023,6,831680.0,2012.0,PJ,01902521000105,ARGILA,MG,3169703,TURMALINA,1300,t  ,52,2023-06-06 08:59:00
2023,6,830272.0,1998.0,PJ,03087551000122,GNAISSE,MG,3168606,TEÓFILO OTONI,"3002840,5",t  ,"974,01",2023-06-09 09:47:00
2023,6,832779.0,2010.0,PJ,05591773000103,GRANITO,MG,3156502,RUBELITA,"140,42",m3 ,"6683,65",2023-06-28 07:48:00
2023,6,833857.0,2011.0,PJ,12294384000181,GRANITO,MG,3168606,TEÓFILO OTONI,"99,15",m3 ,"2713,14",2023-06-27 18:22:00
2023,6,830195.0,2003.0,PJ,15783338000134,GRANITO,MG,3156502,RUBELITA,"53,4",m3 ,"1201,71",2023-06-29 11:05:00
2023,6,930078.0,1997.0,PJ,21228861000100,GRAFITA,MG,3148707,PEDRA AZUL,"269,66",t  ,"56354,71",2023-06-05 08:26:00
2023,6,807652.0,1973.0,PJ,21624671000101,MINÉRIO DE LÍTIO,MG,3134004,ITINGA,"37510,25",t  ,"1129516,48",2023-06-29 17:42:00
2023,6,830564.0,2015.0,PJ,25482167000167,ARGILA,MG,3141801,MINAS NOVAS,700,t  ,28,2023-06-06 09:02:00
2023,7,803441.0,1974.0,PJ,05106351000103,FELDSPATO,MG,3134004,ITINGA,"30,24",t  ,"559,48",2023-07-03 17:32:00
2023,7,803441.0,1974.0,PJ,05106351000103,FELDSPATO,MG,3134004,ITINGA,"0,2",t  ,"2,15",2023-07-03 16:16:00
2023,7,832033.0,2009.0,PJ,11430465000107,AREIA,MG,3103405,ARAÇUAÍ,"485,5",t  ,"65,66",2023-07-03 14:24:00
2023,7,830360.0,2018.0,PJ,27828398000105,CASSITERITA,MG,3134004,ITINGA,1100,kg ,"49,16",2023-07-14 13:36:00
2023,7,830360.0,2018.0,PJ,27828398000105,MORGANITA,MG,3134004,ITINGA,1000,kg ,"56,35",2023-07-14 13:33:00
2023,7,830893.0,2013.0,PJ,22108450000135,GNAISSE,MG,3157005,SALINAS,"13063,17",m3 ,"5724,6",2023-07-21 08:57:00
2023,7,832545.0,1987.0,PJ,24042913000139,GRANITO,MG,3141405,MEDINA,"46,35",m3 ,"357,27",2023-07-21 08:32:00
2023,7,830770.0,2012.0,PJ,25897802000177,ARGILA,MG,3141801,MINAS NOVAS,100,t  ,15,2023-07-25 10:24:00
2023,7,833804.0,2008.0,PJ,25897802000177,ARGILA,MG,3169703,TURMALINA,250,t  ,"37,5",2023-07-25 10:16:00
2023,7,831415.0,2004.0,PJ,42837484000178,GRANITO,MG,3103405,ARAÇUAÍ,"13,89",m3 ,"80,27",2023-07-20 14:07:00
2023,7,834323.0,2007.0,PJ,03933619000147,GRANITO,MG,3156502,RUBELITA,"535,28",t  ,"15859,77",2023-07-18 10:57:00
2023,7,831501.0,2003.0,PJ,04867725000132,XISTO,MG,3134004,ITINGA,"121,72",t  ,"1308,66",2023-07-22 16:15:00
2023,7,803441.0,1974.0,PJ,05106351000103,FELDSPATO,MG,3134004,ITINGA,"7,45",t  ,"179,87",2023-07-22 16:44:00
2023,7,803441.0,1974.0,PJ,05106351000103,FELDSPATO,MG,3134004,ITINGA,"275,16",t  ,"4991,95",2023-07-22 16:38:00
2023,7,833956.0,2012.0,PJ,07956583000178,GNAISSE,MG,3139201,MALACACHETA,"41,69",m3 ,"1623,17",2023-07-19 14:36:00
2023,7,832950.0,2007.0,PF,***046805**,AREIA,MG,3169703,TURMALINA,45,t  ,12,2023-07-31 13:13:00
2023,7,830924.0,2015.0,PF,***046805**,AREIA,MG,3169703,TURMALINA,"25,5",t  ,"18,36",2023-07-31 13:14:00
2023,7,831680.0,2012.0,PJ,01902521000105,ARGILA,MG,3169703,TURMALINA,950,t  ,38,2023-07-05 08:04:00
2023,7,831922.0,2005.0,PJ,01902521000105,ARGILA REFRATÁRIA,MG,3169703,TURMALINA,850,t  ,34,2023-07-05 08:06:00
2023,7,830272.0,1998.0,PJ,03087551000122,GNAISSE,MG,3168606,TEÓFILO OTONI,"30141,92",t  ,"877,67",2023-07-05 14:45:00
2023,7,830683.0,2015.0,PJ,03478696000154,AREIA,MG,3168606,TEÓFILO OTONI,"447,72",t  ,"160,53",2023-07-06 09:42:00
2023,7,834418.0,2012.0,PJ,04180718000168,GRANITO,MG,3119500,CORONEL MURTA,"54,72",m3 ,"164,04",2023-07-25 16:39:00
2023,7,830185.0,2010.0,PJ,04180718000168,GRANITO,MG,3156502,RUBELITA,"164,69",m3 ,"505,09",2023-07-25 17:57:00
2023,7,831587.0,1999.0,PJ,05284593000189,GRANITO,MG,3141405,MEDINA,"57,27",m3 ,"1173,11",2023-07-28 07:36:00
2023,7,830663.0,2003.0,PJ,05284593000189,GRANITO,MG,3157005,SALINAS,"158,93",m3 ,"7366,94",2023-07-28 07:40:00
2023,7,832854.0,2003.0,PJ,05591773000103,GRANITO,MG,3134004,ITINGA,"150,47",m3 ,"8348,79",2023-07-26 14:15:00
2023,7,830734.0,2015.0,PJ,07663795000167,AREIA,MG,3169703,TURMALINA,"385,5",t  ,"102,8",2023-07-31 13:10:00
2023,7,830515.0,2018.0,PJ,08701276000109,AREIA,MG,3171600,VIRGEM DA LAPA,392,t  ,"282,94",2023-07-17 14:41:00
2023,7,830515.0,2018.0,PJ,08701276000109,AREIA,MG,3171600,VIRGEM DA LAPA,78,t  ,"80,34",2023-07-17 14:38:00
2023,7,833857.0,2011.0,PJ,12294384000181,GRANITO,MG,3168606,TEÓFILO OTONI,"84,29",m3 ,"2298,91",2023-07-27 17:22:00
2023,7,830195.0,2003.0,PJ,15783338000134,GRANITO,MG,3156502,RUBELITA,"109,42",m3 ,"2464,74",2023-07-31 14:27:00
2023,7,830337.0,1979.0,PJ,18702175000106,QUARTZO,MG,3103405,ARAÇUAÍ,5000,kg ,400,2023-07-14 11:11:00
2023,7,831424.0,2013.0,PJ,19296734000198,GRANITO,MG,3156502,RUBELITA,"13,73",m3 ,"377,51",2023-07-07 13:14:00
2023,7,930078.0,1997.0,PJ,21228861000100,GRAFITA,MG,3148707,PEDRA AZUL,"283,72",t  ,"66531,65",2023-07-03 09:51:00
2023,7,807652.0,1973.0,PJ,21624671000101,MINÉRIO DE LÍTIO,MG,3134004,ITINGA,"33,96",t  ,"196,94",2023-07-31 09:14:00
2023,7,830564.0,2015.0,PJ,25482167000167,ARGILA,MG,3141801,MINAS NOVAS,800,t  ,32,2023-07-05 07:54:00
2023,7,832983.0,2011.0,PJ,25482167000167,ARGILA,MG,3169703,TURMALINA,700,t  ,28,2023-07-05 08:10:00
2023,7,830360.0,2018.0,PJ,27828398000105,QUARTZO,MG,3134004,ITINGA,17256,kg ,"4453,74",2023-07-14 11:31:00
2023,7,830360.0,2018.0,PJ,27828398000105,TURMALINA,MG,3134004,ITINGA,7974,kg ,"3443,69",2023-07-14 11:28:00
2023,7,830360.0,2018.0,PJ,27828398000105,TURMALINA,MG,3134004,ITINGA,35000,kg ,"1700,34",2023-07-14 13:38:00
2023,7,830269.0,1990.0,PJ,38564373000168,GRANITO,MG,3168606,TEÓFILO OTONI,"5617,14",t  ,"3701,18",2023-07-31 08:03:00
2023,7,831337.0,2012.0,PJ,39282298000105,GRANITO,MG,3157005,SALINAS,"10,22",m3 ,"307,29",2023-07-28 13:38:00
2023,8,832119.0,1986.0,PJ,42794263000160,FELDSPATO,MG,3157005,SALINAS,"19,76",m3 ,"1434,81",2023-08-02 10:11:00
2023,8,832033.0,2009.0,PJ,11430465000107,AREIA,MG,3103405,ARAÇUAÍ,1485,t  ,"204,27",2023-08-01 09:11:00
2023,8,831071.0,2017.0,PJ,25102005000156,ARGILA,MG,3168606,TEÓFILO OTONI,180,t  ,"79,24",2023-08-02 09:58:00
2023,8,831039.0,2012.0,PJ,10831894000115,AREIA,MG,3141801,MINAS NOVAS,"0,45",t  ,"154,83",2023-08-02 08:57:00
2023,8,830796.0,2013.0,PJ,09554036000191,ARGILA,MG,3157005,SALINAS,630,t  ,189,2023-08-21 15:05:00
2023,8,830796.0,2013.0,PJ,09554036000191,ARGILA,MG,3157005,SALINAS,670,t  ,"216,87",2023-08-21 15:00:00
2023,8,833612.0,2013.0,PJ,09554036000191,ARGILA,MG,3157005,SALINAS,680,t  ,"244,57",2023-08-21 15:11:00
2023,8,833612.0,2013.0,PJ,09554036000191,ARGILA,MG,3157005,SALINAS,630,t  ,"203,93",2023-08-21 15:12:00
2023,8,833612.0,2013.0,PJ,09554036000191,ARGILA,MG,3157005,SALINAS,640,t  ,192,2023-08-21 15:13:00
2023,8,833612.0,2013.0,PJ,09554036000191,ARGILA,MG,3157005,SALINAS,650,t  ,195,2023-08-21 15:13:00
2023,8,833611.0,2013.0,PJ,09554036000191,ARGILA,MG,3157005,SALINAS,680,t  ,"220,11",2023-08-21 15:20:00
2023,8,830796.0,2013.0,PJ,09554036000191,ARGILA,MG,3157005,SALINAS,650,t  ,"233,78",2023-08-21 14:59:00
2023,8,833611.0,2013.0,PJ,09554036000191,ARGILA,MG,3157005,SALINAS,690,t  ,207,2023-08-21 15:21:00
2023,8,830770.0,2012.0,PJ,25897802000177,ARGILA,MG,3141801,MINAS NOVAS,350,t  ,"52,5",2023-08-23 13:43:00
2023,8,832545.0,1987.0,PJ,24042913000139,GRANITO,MG,3141405,MEDINA,"26,36",m3 ,"203,24",2023-08-17 16:37:00
2023,8,831459.0,1986.0,PJ,71333736000120,GRANITO,MG,3141405,MEDINA,"21,17",m3 ,"173,4",2023-08-17 16:49:00
2023,8,833272.0,2013.0,PJ,09029511000100,ARGILA,MG,3157005,SALINAS,330,t  ,"133,54",2023-08-28 08:50:00
2023,8,833272.0,2013.0,PJ,09029511000100,ARGILA,MG,3157005,SALINAS,445,t  ,"185,57",2023-08-28 08:48:00
2023,8,833272.0,2013.0,PJ,09029511000100,ARGILA,MG,3157005,SALINAS,520,t  ,"225,75",2023-08-28 09:01:00
2023,8,833272.0,2013.0,PJ,09029511000100,ARGILA,MG,3157005,SALINAS,480,t  ,"208,53",2023-08-28 08:41:00
2023,8,833272.0,2013.0,PJ,09029511000100,ARGILA,MG,3157005,SALINAS,895,t  ,"378,09",2023-08-28 08:44:00
2023,8,833272.0,2013.0,PJ,09029511000100,ARGILA,MG,3157005,SALINAS,555,t  ,"237,87",2023-08-28 08:43:00
2023,8,833272.0,2013.0,PJ,09029511000100,ARGILA,MG,3157005,SALINAS,600,t  ,"261,04",2023-08-28 08:59:00
2023,8,833272.0,2013.0,PJ,09029511000100,ARGILA,MG,3157005,SALINAS,735,t  ,"321,99",2023-08-28 08:56:00
2023,8,833272.0,2013.0,PJ,09029511000100,ARGILA,MG,3157005,SALINAS,740,t  ,"324,09",2023-08-28 08:57:00
2023,8,833857.0,2011.0,PJ,12294384000181,GRANITO,MG,3168606,TEÓFILO OTONI,"43,99",m3 ,"1179,18",2023-08-23 15:42:00
2023,8,830893.0,2013.0,PJ,22108450000135,GNAISSE,MG,3157005,SALINAS,"6966,77",m3 ,"3591,92",2023-08-16 14:12:00
2023,8,833557.0,2012.0,PJ,09029511000100,ARGILA,MG,3157005,SALINAS,480,t  ,"208,53",2023-08-29 14:00:00
2023,8,833557.0,2012.0,PJ,09029511000100,ARGILA,MG,3157005,SALINAS,530,t  ,"230,65",2023-08-29 13:57:00
2023,8,833557.0,2012.0,PJ,09029511000100,ARGILA,MG,3157005,SALINAS,915,t  ,"386,54",2023-08-29 14:04:00
2023,8,833557.0,2012.0,PJ,09029511000100,ARGILA,MG,3157005,SALINAS,415,t  ,175,2023-08-29 14:06:00
2023,8,833557.0,2012.0,PJ,09029511000100,ARGILA,MG,3157005,SALINAS,430,t  ,"179,32",2023-08-29 14:07:00
2023,8,833557.0,2012.0,PJ,09029511000100,ARGILA,MG,3157005,SALINAS,330,t  ,"133,54",2023-08-29 14:10:00
2023,8,833557.0,2012.0,PJ,09029511000100,ARGILA,MG,3157005,SALINAS,600,t  ,"261,04",2023-08-29 13:56:00
2023,8,833557.0,2012.0,PJ,09029511000100,ARGILA,MG,3157005,SALINAS,740,t  ,"324,09",2023-08-29 13:54:00
2023,8,833557.0,2012.0,PJ,09029511000100,ARGILA,MG,3157005,SALINAS,735,t  ,"321,99",2023-08-29 13:53:00
2023,8,833557.0,2012.0,PJ,09029511000100,ARGILA,MG,3157005,SALINAS,495,t  ,"216,83",2023-08-29 13:52:00
2023,8,833557.0,2012.0,PJ,09029511000100,ARGILA,MG,3157005,SALINAS,630,t  ,"277,81",2023-08-29 13:50:00
2023,8,833557.0,2012.0,PJ,09029511000100,ARGILA,MG,3157005,SALINAS,30,t  ,"11,86",2023-08-29 14:11:00
2023,8,831680.0,2012.0,PJ,01902521000105,ARGILA,MG,3169703,TURMALINA,1400,t  ,56,2023-08-07 08:30:00
2023,8,831922.0,2005.0,PJ,01902521000105,ARGILA REFRATÁRIA,MG,3169703,TURMALINA,1350,t  ,54,2023-08-07 08:33:00
2023,8,834323.0,2007.0,PJ,03933619000147,GRANITO,MG,3156502,RUBELITA,"828,91",t  ,"23259,98",2023-08-23 14:28:00
2023,8,830846.0,2022.0,PJ,09029511000100,ARGILA,MG,3157005,SALINAS,420,t  ,"154,65",2023-08-30 12:46:00
2023,8,830846.0,2022.0,PJ,09029511000100,ARGILA,MG,3157005,SALINAS,685,t  ,"205,93",2023-08-30 12:48:00
2023,8,830846.0,2022.0,PJ,09029511000100,ARGILA,MG,3157005,SALINAS,750,t  ,"225,63",2023-08-30 12:49:00
2023,8,830846.0,2022.0,PJ,09029511000100,ARGILA,MG,3157005,SALINAS,525,t  ,"196,05",2023-08-30 12:46:00
2023,8,830846.0,2022.0,PJ,09029511000100,ARGILA,MG,3157005,SALINAS,420,t  ,"160,02",2023-08-30 12:44:00
2023,8,830846.0,2022.0,PJ,09029511000100,ARGILA,MG,3157005,SALINAS,315,t  ,"118,91",2023-08-30 12:44:00
2023,8,832983.0,2011.0,PJ,25482167000167,ARGILA,MG,3169703,TURMALINA,900,t  ,36,2023-08-07 08:37:00
2023,8,830089.0,2000.0,PJ,36346393000137,GRANITO,MG,3134004,ITINGA,"109,95",m3 ,"1654,3",2023-08-16 10:32:00
2023,8,831337.0,2012.0,PJ,39282298000105,GRANITO,MG,3157005,SALINAS,"57,38",m3 ,"1981,07",2023-08-14 11:32:00
2023,8,830924.0,2015.0,PF,***046805**,AREIA,MG,3169703,TURMALINA,225,t  ,"60,17",2023-08-31 09:03:00
2023,8,830272.0,1998.0,PJ,03087551000122,GNAISSE,MG,3168606,TEÓFILO OTONI,"21446,33",t  ,"1144,21",2023-08-04 10:47:00
2023,8,831501.0,2003.0,PJ,04867725000132,XISTO,MG,3134004,ITINGA,"756,3",t  ,"9305,08",2023-08-31 10:46:00
2023,8,803441.0,1974.0,PJ,05106351000103,FELDSPATO,MG,3134004,ITINGA,"899,84",t  ,"14552,26",2023-08-31 10:50:00
2023,8,821951.0,1969.0,PJ,05106351000103,FELDSPATO,MG,3134004,ITINGA,"0,01",t  ,"90,36",2023-08-31 10:53:00
2023,8,830663.0,2003.0,PJ,05284593000189,GRANITO,MG,3157005,SALINAS,"7,59",m3 ,"45,66",2023-08-28 07:44:00
2023,8,833956.0,2012.0,PJ,07956583000178,GNAISSE,MG,3139201,MALACACHETA,"72,59",m3 ,"1998,67",2023-08-16 10:16:00
2023,8,830195.0,2003.0,PJ,15783338000134,GRANITO,MG,3156502,RUBELITA,"31,56",m3 ,"713,89",2023-08-31 11:27:00
2023,8,831431.0,2013.0,PJ,17881680000100,GRANITO,MG,3103405,ARAÇUAÍ,"39,64",m3 ,391,2023-08-02 15:17:00
2023,8,831431.0,2013.0,PJ,17881680000100,GRANITO,MG,3103405,ARAÇUAÍ,"45,01",m3 ,"492,32",2023-08-02 15:22:00
2023,8,930078.0,1997.0,PJ,21228861000100,GRAFITA,MG,3148707,PEDRA AZUL,"248,28",t  ,"60094,15",2023-08-10 09:54:00
2023,8,930078.0,1997.0,PJ,21228861000100,GRAFITA,MG,3148707,PEDRA AZUL,"3391,42",t  ,"337198,68",2023-08-10 09:52:00
2023,8,831608.0,2002.0,PJ,39365754000180,GRANITO,MG,3134004,ITINGA,"68,18",m3 ,"818,26",2023-08-25 17:10:00
2023,8,830367.0,2015.0,PJ,43215619000126,AREIA,MG,3133303,ITAOBIM,"985,6",t  ,"507,4",2023-08-11 17:59:00
2023,9,832033.0,2009.0,PJ,11430465000107,AREIA,MG,3103405,ARAÇUAÍ,490,t  ,"46,42",2023-09-04 09:01:00
2023,9,831039.0,2012.0,PJ,10831894000115,AREIA,MG,3141801,MINAS NOVAS,"2,31",t  ,"742,84",2023-09-13 11:17:00
2023,9,803441.0,1974.0,PJ,05106351000103,FELDSPATO,MG,3134004,ITINGA,"604,76",t  ,"9160,6",2023-09-22 22:29:00
2023,9,803441.0,1974.0,PJ,05106351000103,FELDSPATO,MG,3134004,ITINGA,"9,23",t  ,"678,55",2023-09-22 22:38:00
2023,9,832545.0,1987.0,PJ,24042913000139,GRANITO,MG,3141405,MEDINA,"15,15",m3 ,"116,84",2023-09-22 16:26:00
2023,9,831459.0,1986.0,PJ,71333736000120,GRANITO,MG,3141405,MEDINA,"72,54",m3 ,"552,52",2023-09-22 17:08:00
2023,9,830683.0,2015.0,PJ,03478696000154,AREIA,MG,3168606,TEÓFILO OTONI,"343,7",t  ,"146,1",2023-09-04 08:39:00
2023,9,831337.0,2012.0,PJ,39282298000105,GRANITO,MG,3157005,SALINAS,"46,71",m3 ,"2350,43",2023-09-14 09:44:00
2023,9,830924.0,2015.0,PF,***046805**,AREIA,MG,3169703,TURMALINA,"271,5",t  ,"72,65",2023-09-29 17:30:00
2023,9,832358.0,2008.0,PJ,01902521000105,ARGILA,MG,3169703,TURMALINA,1000,t  ,40,2023-09-12 07:54:00
2023,9,831680.0,2012.0,PJ,01902521000105,ARGILA,MG,3169703,TURMALINA,1050,t  ,42,2023-09-12 07:50:00
2023,9,834323.0,2007.0,PJ,03933619000147,GRANITO,MG,3156502,RUBELITA,"691,51",t  ,"18160,86",2023-09-19 10:31:00
2023,9,830185.0,2010.0,PJ,04180718000168,GRANITO,MG,3156502,RUBELITA,"135,49",m3 ,"5220,61",2023-09-22 10:58:00
2023,9,832854.0,2003.0,PJ,05591773000103,GRANITO,MG,3134004,ITINGA,"182,39",m3 ,"10007,54",2023-09-27 18:25:00
2023,9,832779.0,2010.0,PJ,05591773000103,GRANITO,MG,3156502,RUBELITA,"53,63",m3 ,"2506,04",2023-09-27 18:30:00
2023,9,830734.0,2015.0,PJ,07663795000167,AREIA,MG,3169703,TURMALINA,99,t  ,"26,49",2023-09-29 17:26:00
2023,9,830515.0,2018.0,PJ,08701276000109,AREIA,MG,3171600,VIRGEM DA LAPA,368,t  ,"120,56",2023-09-15 08:54:00
2023,9,830195.0,2003.0,PJ,15783338000134,GRANITO,MG,3156502,RUBELITA,33,m3 ,"769,54",2023-09-29 08:45:00
2023,9,831424.0,2013.0,PJ,19296734000198,GRANITO,MG,3156502,RUBELITA,"31,4",m3 ,"615,48",2023-09-04 16:32:00
2023,9,930078.0,1997.0,PJ,21228861000100,GRAFITA,MG,3148707,PEDRA AZUL,"179,58",t  ,"42636,67",2023-09-04 13:18:00
2023,9,930078.0,1997.0,PJ,21228861000100,GRAFITA,MG,3148707,PEDRA AZUL,"3403,25",t  ,"337733,91",2023-09-04 13:16:00
2023,9,807022.0,1971.0,PJ,21624671000101,ESPODUMÊNIO,MG,3134004,ITINGA,"736,19",t  ,"42763,48",2023-09-26 16:46:00
2023,9,830564.0,2015.0,PJ,25482167000167,ARGILA,MG,3141801,MINAS NOVAS,1350,t  ,54,2023-09-12 07:48:00
2023,9,832983.0,2011.0,PJ,25482167000167,ARGILA,MG,3169703,TURMALINA,1400,t  ,56,2023-09-12 08:10:00
2023,9,830899.0,2017.0,PJ,39781309000100,GRANITO,MG,3169703,TURMALINA,"9265,75",t  ,"6980,21",2023-09-13 16:11:00
2023,10,824692.0,1971.0,PJ,16482121000157,ESPODUMÊNIO,MG,3103405,ARAÇUAÍ,15750000,kg ,"2827138,59",2023-10-02 06:33:00
2023,10,824692.0,1971.0,PJ,16482121000157,ESPODUMÊNIO,MG,3134004,ITINGA,15750000,kg ,"2827138,59",2023-10-02 06:35:00
2023,10,831496.0,2001.0,PJ,08015130000100,ESMERALDA,MG,3139201,MALACACHETA,25,kg ,"314,76",2023-10-02 16:23:00
2023,10,833804.0,2008.0,PJ,25897802000177,ARGILA,MG,3169703,TURMALINA,420,t  ,63,2023-10-18 10:26:00
2023,10,830337.0,1979.0,PJ,18702175000106,QUARTZO,MG,3103405,ARAÇUAÍ,26750,kg ,321,2023-10-17 13:50:00
2023,10,831071.0,2017.0,PJ,25102005000156,ARGILA,MG,3168606,TEÓFILO OTONI,210,t  ,"89,96",2023-10-11 17:24:00
2023,10,833562.0,2013.0,PF,***157071**,CASCALHO,MG,3112307,CAPELINHA,4020,t  ,"152,31",2023-10-24 10:09:00
2023,10,833562.0,2013.0,PF,***157071**,CASCALHO,MG,3112307,CAPELINHA,3410,t  ,"127,89",2023-10-24 10:09:00
2023,10,833562.0,2013.0,PF,***157071**,CASCALHO,MG,3112307,CAPELINHA,1916,t  ,"216,98",2023-10-24 10:11:00
2023,10,833562.0,2013.0,PF,***157071**,CASCALHO,MG,3112307,CAPELINHA,1036,t  ,"127,62",2023-10-24 10:14:00
2023,10,833562.0,2013.0,PF,***157071**,CASCALHO,MG,3112307,CAPELINHA,1200,t  ,"147,65",2023-10-24 10:15:00
2023,10,833562.0,2013.0,PF,***157071**,CASCALHO,MG,3112307,CAPELINHA,500,t  ,"61,11",2023-10-24 10:16:00
2023,10,833562.0,2013.0,PF,***157071**,CASCALHO,MG,3112307,CAPELINHA,600,t  ,"72,83",2023-10-24 10:18:00
2023,10,833562.0,2013.0,PF,***157071**,CASCALHO,MG,3112307,CAPELINHA,1400,t  ,"79,32",2023-10-24 10:19:00
2023,10,833562.0,2013.0,PF,***157071**,CASCALHO,MG,3112307,CAPELINHA,1194,t  ,"75,02",2023-10-24 10:04:00
2023,10,833562.0,2013.0,PF,***157071**,CASCALHO,MG,3112307,CAPELINHA,"931,4",t  ,"100,92",2023-10-24 10:03:00
2023,10,833562.0,2013.0,PF,***157071**,CASCALHO,MG,3112307,CAPELINHA,268,t  ,"26,16",2023-10-24 10:21:00
2023,10,833562.0,2013.0,PF,***157071**,CASCALHO,MG,3112307,CAPELINHA,972,t  ,"36,19",2023-10-24 10:13:00
2023,10,833562.0,2013.0,PF,***157071**,CASCALHO,MG,3112307,CAPELINHA,140,t  ,"5,18",2023-10-24 10:13:00
2023,10,833562.0,2013.0,PF,***157071**,CASCALHO,MG,3112307,CAPELINHA,146,t  ,"17,67",2023-10-24 10:11:00
2023,10,833562.0,2013.0,PF,***157071**,CASCALHO,MG,3112307,CAPELINHA,35,t  ,"2,64",2023-10-24 10:06:00
2023,10,833562.0,2013.0,PF,***157071**,CASCALHO,MG,3112307,CAPELINHA,126,t  ,"15,25",2023-10-24 10:05:00
2023,10,831680.0,2012.0,PJ,01902521000105,ARGILA,MG,3169703,TURMALINA,1300,t  ,52,2023-10-04 07:43:00
2023,10,831922.0,2005.0,PJ,01902521000105,ARGILA REFRATÁRIA,MG,3169703,TURMALINA,1300,t  ,52,2023-10-04 07:41:00
2023,10,803441.0,1974.0,PJ,05106351000103,FELDSPATO,MG,3134004,ITINGA,"135,74",t  ,"2802,78",2023-10-27 20:42:00
2023,10,803441.0,1974.0,PJ,05106351000103,FELDSPATO,MG,3134004,ITINGA,"3,46",t  ,"249,67",2023-10-27 20:52:00
2023,10,821951.0,1969.0,PJ,05106351000103,FELDSPATO,MG,3134004,ITINGA,"3,04",t  ,"201,84",2023-10-27 20:50:00
2023,10,833857.0,2011.0,PJ,12294384000181,GRANITO,MG,3168606,TEÓFILO OTONI,"20,22",m3 ,"565,01",2023-10-25 17:41:00
2023,10,830893.0,2013.0,PJ,22108450000135,GNAISSE,MG,3157005,SALINAS,"8906,63",m3 ,"4339,47",2023-10-20 15:44:00
2023,10,830564.0,2015.0,PJ,25482167000167,ARGILA,MG,3141801,MINAS NOVAS,1150,t  ,46,2023-10-04 07:45:00
2023,10,832983.0,2011.0,PJ,25482167000167,ARGILA,MG,3169703,TURMALINA,1450,t  ,58,2023-10-04 07:37:00
2023,10,830683.0,2015.0,PJ,03478696000154,AREIA,MG,3168606,TEÓFILO OTONI,"455,1",t  ,"190,33",2023-10-04 08:44:00
2023,10,834323.0,2007.0,PJ,03933619000147,GRANITO,MG,3156502,RUBELITA,"790,38",t  ,"21225,4",2023-10-19 13:55:00
2023,10,831501.0,2003.0,PJ,04867725000132,XISTO,MG,3134004,ITINGA,"237,29",t  ,"1412,61",2023-10-27 20:45:00
2023,10,830663.0,2003.0,PJ,05284593000189,GRANITO,MG,3157005,SALINAS,"303,62",m3 ,"13905,47",2023-10-27 14:51:00
2023,10,832854.0,2003.0,PJ,05591773000103,GRANITO,MG,3134004,ITINGA,"99,66",m3 ,"5763,92",2023-10-27 16:26:00
2023,10,832779.0,2010.0,PJ,05591773000103,GRANITO,MG,3156502,RUBELITA,"10,6",m3 ,"480,06",2023-10-27 16:32:00
2023,10,830195.0,2003.0,PJ,15783338000134,GRANITO,MG,3156502,RUBELITA,"51,45",m3 ,"1129,94",2023-10-25 10:19:00
2023,10,930078.0,1997.0,PJ,21228861000100,GRAFITA,MG,3148707,PEDRA AZUL,"3615,81",t  ,"363694,39",2023-10-03 14:59:00
2023,10,930078.0,1997.0,PJ,21228861000100,GRAFITA,MG,3148707,PEDRA AZUL,"220,76",t  ,"56643,39",2023-10-03 15:02:00
2023,10,830003.0,2004.0,PJ,39365754000180,GRANITO,MG,3134004,ITINGA,"11,9",m3 ,"143,66",2023-10-30 09:47:00
2023,10,832026.0,1999.0,PJ,39365754000180,GRANITO,MG,3141405,MEDINA,"9,4",m3 ,"113,49",2023-10-30 09:44:00
2023,10,830899.0,2017.0,PJ,39781309000100,GRANITO,MG,3169703,TURMALINA,"8731,75",t  ,"6413,87",2023-10-06 15:19:00
2023,11,832033.0,2009.0,PJ,11430465000107,AREIA,MG,3103405,ARAÇUAÍ,700,t  ,"73,52",2023-11-03 09:16:00
2023,11,832119.0,1986.0,PJ,42794263000160,FELDSPATO,MG,3157005,SALINAS,"167,97",m3 ,"14097,23",2023-11-01 17:48:00
2023,11,831071.0,2017.0,PJ,25102005000156,ARGILA,MG,3168606,TEÓFILO OTONI,350,t  ,"145,64",2023-11-08 09:27:00
2023,11,830893.0,2013.0,PJ,22108450000135,GNAISSE,MG,3157005,SALINAS,"9670,61",m3 ,"4036,63",2023-11-17 14:56:00
2023,11,832545.0,1987.0,PJ,24042913000139,GRANITO,MG,3141405,MEDINA,"33,73",m3 ,"243,59",2023-11-23 19:03:00
2023,11,833956.0,2012.0,PJ,07956583000178,GNAISSE,MG,3139201,MALACACHETA,"88,91",m3 ,"1995,57",2023-11-13 13:45:00
2023,11,824692.0,1971.0,PJ,16482121000157,ESPODUMÊNIO,MG,3134004,ITINGA,19392485,kg ,"1955235,77",2023-11-24 15:29:00
2023,11,831680.0,2012.0,PJ,01902521000105,ARGILA,MG,3169703,TURMALINA,200,t  ,8,2023-11-03 12:30:00
2023,11,831922.0,2005.0,PJ,01902521000105,ARGILA REFRATÁRIA,MG,3169703,TURMALINA,700,t  ,28,2023-11-03 12:25:00
2023,11,832983.0,2011.0,PJ,25482167000167,ARGILA,MG,3169703,TURMALINA,1450,t  ,58,2023-11-03 12:34:00
2023,11,830011.0,2007.0,PJ,00968624000105,GRANITO,MG,3141405,MEDINA,"41,24",m3 ,"138,25",2023-11-22 14:42:00
2023,11,830272.0,1998.0,PJ,03087551000122,GNAISSE,MG,3168606,TEÓFILO OTONI,"5,5",t  ,"2484,67",2023-11-08 08:13:00
2023,11,831342.0,2007.0,PJ,05284593000189,GRANITO,MG,3148707,PEDRA AZUL,"19,21",m3 ,"88,51",2023-11-29 07:41:00
2023,11,830515.0,2018.0,PJ,08701276000109,AREIA,MG,3171600,VIRGEM DA LAPA,136,t  ,"126,48",2023-11-09 13:46:00
2023,11,830195.0,2003.0,PJ,15783338000134,GRANITO,MG,3156502,RUBELITA,"83,65",m3 ,"1920,56",2023-11-29 10:49:00
2023,11,830337.0,1979.0,PJ,18702175000106,QUARTZO,MG,3103405,ARAÇUAÍ,26900,kg ,"322,8",2023-11-16 17:37:00
2023,11,807652.0,1973.0,PJ,21624671000101,MINÉRIO DE LÍTIO,MG,3103405,ARAÇUAÍ,"2603,49",t  ,"11417,3",2023-11-28 12:17:00
2023,11,807022.0,1971.0,PJ,21624671000101,ESPODUMÊNIO,MG,3134004,ITINGA,"10229,92",t  ,"1173723,16",2023-11-28 12:05:00
2023,11,807652.0,1973.0,PJ,21624671000101,MINÉRIO DE LÍTIO,MG,3134004,ITINGA,"4340,99",t  ,"19036,95",2023-11-28 12:21:00
2023,11,831608.0,2002.0,PJ,39365754000180,GRANITO,MG,3134004,ITINGA,"42,95",m3 ,"518,19",2023-11-29 14:11:00
2023,11,830899.0,2017.0,PJ,39781309000100,GRANITO,MG,3169703,TURMALINA,"11020,94",t  ,"8986,67",2023-11-06 08:38:00
2023,11,830367.0,2015.0,PJ,43215619000126,AREIA,MG,3133303,ITAOBIM,"571,47",t  ,"358,2",2023-11-29 10:40:00
2023,12,830653.0,2012.0,PF,***056077**,AREIA,MG,3171600,VIRGEM DA LAPA,960,t  ,"121,48",2023-12-01 09:45:00
2023,12,830653.0,2012.0,PF,***056077**,AREIA,MG,3171600,VIRGEM DA LAPA,960,t  ,"146,4",2023-12-01 09:38:00
2023,12,830653.0,2012.0,PF,***056077**,AREIA,MG,3171600,VIRGEM DA LAPA,960,t  ,"119,64",2023-12-01 09:47:00
2023,12,830653.0,2012.0,PF,***056077**,AREIA,MG,3171600,VIRGEM DA LAPA,800,t  ,"123,37",2023-12-01 09:34:00
2023,12,803441.0,1974.0,PJ,05106351000103,FELDSPATO,MG,3134004,ITINGA,"75,93",t  ,"2730,62",2023-12-04 12:01:00
2023,12,803441.0,1974.0,PJ,05106351000103,FELDSPATO,MG,3134004,ITINGA,"8,95",t  ,"94,72",2023-12-04 11:59:00
2023,12,830185.0,2010.0,PJ,04180718000168,GRANITO,MG,3156502,RUBELITA,"93,18",m3 ,"3997,09",2023-12-05 17:10:00
2023,12,831919.0,2017.0,PJ,42769956000100,MINÉRIO DE OURO,MG,3171600,VIRGEM DA LAPA,"8,57",g  ,"37,11",2023-12-04 15:22:00
2023,12,833611.0,2013.0,PJ,09554036000191,ARGILA,MG,3157005,SALINAS,928,t  ,"524,12",2023-12-07 10:11:00
2023,12,833611.0,2013.0,PJ,09554036000191,ARGILA,MG,3157005,SALINAS,928,t  ,"319,52",2023-12-07 10:11:00
2023,12,833612.0,2013.0,PJ,09554036000191,ARGILA,MG,3157005,SALINAS,2233,t  ,"669,9",2023-12-07 10:32:00
2023,12,833611.0,2013.0,PJ,09554036000191,ARGILA,MG,3157005,SALINAS,2233,t  ,"669,9",2023-12-07 10:35:00
2023,12,833612.0,2013.0,PJ,09554036000191,ARGILA,MG,3157005,SALINAS,1682,t  ,"524,12",2023-12-07 09:50:00
2023,12,833612.0,2013.0,PJ,09554036000191,ARGILA,MG,3157005,SALINAS,1653,t  ,"497,54",2023-12-07 09:51:00
2023,12,830796.0,2013.0,PJ,09554036000191,ARGILA,MG,3157005,SALINAS,1682,t  ,"524,12",2023-12-07 09:57:00
2023,12,830796.0,2013.0,PJ,09554036000191,ARGILA,MG,3157005,SALINAS,1653,t  ,"497,54",2023-12-07 09:58:00
2023,12,831039.0,2012.0,PJ,10831894000115,AREIA,MG,3141801,MINAS NOVAS,"2,37",t  ,"927,45",2023-12-08 10:36:00
2023,12,831496.0,2001.0,PJ,08015130000100,ESMERALDA,MG,3139201,MALACACHETA,"10,78",kg ,"135,27",2023-12-15 10:48:00
2023,12,831214.0,1992.0,PJ,38564373000168,AREIA,MG,3168606,TEÓFILO OTONI,1714,t  ,"8730,73",2023-12-22 08:51:00
2023,12,831214.0,1992.0,PJ,38564373000168,AREIA,MG,3168606,TEÓFILO OTONI,1205,t  ,"6753,5",2023-12-22 08:38:00
2023,12,831214.0,1992.0,PJ,38564373000168,AREIA,MG,3168606,TEÓFILO OTONI,"16,15",t  ,"9350,46",2023-12-22 08:34:00
2023,12,832348.0,2000.0,PJ,03933619000147,GRANITO,MG,3133303,ITAOBIM,"295,56",t  ,"8088,08",2023-12-18 09:23:00
2023,12,834323.0,2007.0,PJ,03933619000147,GRANITO,MG,3156502,RUBELITA,"957,03",t  ,"24974,13",2023-12-18 10:30:00
2023,12,831501.0,2003.0,PJ,04867725000132,XISTO,MG,3134004,ITINGA,"1035,14",t  ,"8032,33",2023-12-20 16:56:00
2023,12,830893.0,2013.0,PJ,22108450000135,GNAISSE,MG,3157005,SALINAS,"4180,64",m3 ,"2541,93",2023-12-18 15:50:00
2023,12,832358.0,2008.0,PJ,01902521000105,ARGILA,MG,3169703,TURMALINA,400,t  ,16,2023-12-04 09:23:00
2023,12,831680.0,2012.0,PJ,01902521000105,ARGILA,MG,3169703,TURMALINA,500,t  ,20,2023-12-04 09:21:00
2023,12,831922.0,2005.0,PJ,01902521000105,ARGILA REFRATÁRIA,MG,3169703,TURMALINA,950,t  ,38,2023-12-04 09:22:00
2023,12,832983.0,2011.0,PJ,25482167000167,ARGILA,MG,3169703,TURMALINA,800,t  ,32,2023-12-04 09:24:00
2023,12,833597.0,2006.0,PJ,01969976000130,AREIA,MG,3168606,TEÓFILO OTONI,119,t  ,"112,49",2023-12-28 10:21:00
2023,12,833597.0,2006.0,PJ,01969976000130,AREIA,MG,3168606,TEÓFILO OTONI,231,t  ,"211,75",2023-12-28 10:20:00
2023,12,833597.0,2006.0,PJ,01969976000130,AREIA,MG,3168606,TEÓFILO OTONI,84,t  ,"165,83",2023-12-28 10:20:00
2023,12,833597.0,2006.0,PJ,01969976000130,AREIA,MG,3168606,TEÓFILO OTONI,28,t  ,"47,19",2023-12-28 10:18:00
2023,12,833597.0,2006.0,PJ,01969976000130,AREIA,MG,3168606,TEÓFILO OTONI,7,t  ,"24,68",2023-12-28 10:19:00
2023,12,833597.0,2006.0,PJ,01969976000130,AREIA,MG,3168606,TEÓFILO OTONI,14,t  ,"19,95",2023-12-28 10:24:00
2023,12,833597.0,2006.0,PJ,01969976000130,AREIA,MG,3168606,TEÓFILO OTONI,406,t  ,"273,7",2023-12-27 17:42:00
2023,12,832854.0,2003.0,PJ,05591773000103,GRANITO,MG,3134004,ITINGA,"43,45",m3 ,"2363,68",2023-12-26 11:21:00
2023,12,833956.0,2012.0,PJ,07956583000178,GNAISSE,MG,3139201,MALACACHETA,"9,02",m3 ,"286,95",2023-12-12 10:13:00
2023,12,930078.0,1997.0,PJ,21228861000100,GRAFITA,MG,3148707,PEDRA AZUL,"224,67",t  ,"55269,57",2023-12-04 10:39:00
2023,12,807022.0,1971.0,PJ,21624671000101,ESPODUMÊNIO,MG,3134004,ITINGA,"997,55",t  ,"44025,13",2023-12-28 08:33:00
2023,12,831608.0,2002.0,PJ,39365754000180,GRANITO,MG,3134004,ITINGA,"45,78",m3 ,"551,18",2023-12-13 18:41:00
2024,1,830663.0,2003.0,PJ,05284593000189,GRANITO,MG,3157005,SALINAS,"99,99",m3 ,"2619,37",2023-12-28 18:14:00
2024,1,830760.0,1987.0,PJ,07959121000104,FELDSPATO,MG,3119500,CORONEL MURTA,"28,33",t  ,"26,79",2024-01-02 09:14:00
2024,1,830760.0,1987.0,PJ,07959121000104,FELDSPATO,MG,3119500,CORONEL MURTA,"425,9",t  ,"4778,71",2024-01-02 10:34:00
2024,1,830760.0,1987.0,PJ,07959121000104,FELDSPATO,MG,3119500,CORONEL MURTA,"503,97",t  ,"5766,06",2024-01-02 10:01:00
2024,1,830760.0,1987.0,PJ,07959121000104,FELDSPATO,MG,3119500,CORONEL MURTA,"446,3",t  ,"4827,73",2024-01-02 10:32:00
2024,1,830760.0,1987.0,PJ,07959121000104,FELDSPATO,MG,3119500,CORONEL MURTA,"252,26",t  ,"2855,05",2024-01-02 10:31:00
2024,1,830760.0,1987.0,PJ,07959121000104,FELDSPATO,MG,3119500,CORONEL MURTA,"411,34",t  ,"5236,74",2024-01-02 10:29:00
2024,1,830760.0,1987.0,PJ,07959121000104,FELDSPATO,MG,3119500,CORONEL MURTA,"455,25",t  ,"5086,06",2024-01-02 10:21:00
2024,1,830760.0,1987.0,PJ,07959121000104,QUARTZO,MG,3119500,CORONEL MURTA,202,t  ,"36,79",2024-01-02 11:23:00
2024,1,830760.0,1987.0,PJ,07959121000104,QUARTZO,MG,3119500,CORONEL MURTA,"196,86",t  ,"32,78",2024-01-02 11:00:00
2024,1,830760.0,1987.0,PJ,07959121000104,TURMALINA,MG,3119500,CORONEL MURTA,60000,kg ,"23,46",2024-01-02 11:45:00
2024,1,833239.0,2011.0,PJ,07959121000104,FELDSPATO,MG,3171600,VIRGEM DA LAPA,"417,46",t  ,"4882,19",2024-01-02 15:13:00
2024,1,833239.0,2011.0,PJ,07959121000104,FELDSPATO,MG,3171600,VIRGEM DA LAPA,"336,31",t  ,"4142,19",2024-01-02 15:07:00
2024,1,833239.0,2011.0,PJ,07959121000104,FELDSPATO,MG,3171600,VIRGEM DA LAPA,"323,55",t  ,"4093,5",2024-01-02 15:04:00
2024,1,833239.0,2011.0,PJ,07959121000104,FELDSPATO,MG,3171600,VIRGEM DA LAPA,"414,45",t  ,"4636,64",2024-01-02 14:58:00
2024,1,833239.0,2011.0,PJ,07959121000104,FELDSPATO,MG,3171600,VIRGEM DA LAPA,"375,14",t  ,"1825,53",2024-01-02 14:56:00
2024,1,833239.0,2011.0,PJ,07959121000104,FELDSPATO,MG,3171600,VIRGEM DA LAPA,"378,86",t  ,"3910,31",2024-01-02 14:54:00
2024,1,833239.0,2011.0,PJ,07959121000104,FELDSPATO,MG,3171600,VIRGEM DA LAPA,"313,6",t  ,"4023,29",2024-01-02 14:49:00
2024,1,833239.0,2011.0,PJ,07959121000104,FELDSPATO,MG,3171600,VIRGEM DA LAPA,"92,72",t  ,"1000,8",2024-01-02 14:46:00
2024,1,830337.0,1979.0,PJ,18702175000106,QUARTZO,MG,3103405,ARAÇUAÍ,38850,kg ,"466,2",2023-12-15 09:04:00
2024,1,831071.0,2017.0,PJ,25102005000156,ARGILA,MG,3168606,TEÓFILO OTONI,180,t  ,"79,78",2023-12-22 18:20:00
2024,1,833804.0,2008.0,PJ,25897802000177,ARGILA,MG,3169703,TURMALINA,500,t  ,75,2023-12-05 10:06:00
2024,1,831214.0,1992.0,PJ,38564373000168,AREIA,MG,3168606,TEÓFILO OTONI,1477,t  ,"6911,87",2023-12-22 08:49:00
2024,1,831214.0,1992.0,PJ,38564373000168,AREIA,MG,3168606,TEÓFILO OTONI,2187,t  ,"10266,87",2023-12-22 08:46:00
2024,1,830195.0,2003.0,PJ,15783338000134,GRANITO,MG,3156502,RUBELITA,"10,89",m3 ,"263,46",2024-01-04 10:46:00
2024,1,830360.0,2018.0,PJ,27828398000105,QUARTZO,MG,3134004,ITINGA,31000,kg ,"1656,28",2024-01-10 09:03:00
2024,1,830360.0,2018.0,PJ,27828398000105,TURMALINA,MG,3134004,ITINGA,42600,kg ,"2530,98",2024-01-10 08:11:00
2024,1,830893.0,2013.0,PJ,22108450000135,GNAISSE,MG,3157005,SALINAS,"8409,76",m3 ,"4827,54",2024-01-16 13:50:00
2024,1,830185.0,2010.0,PJ,04180718000168,GRANITO,MG,3156502,RUBELITA,"68,48",m3 ,"2933,56",2024-01-26 16:38:00
2024,1,831039.0,2012.0,PJ,10831894000115,AREIA,MG,3141801,MINAS NOVAS,"0,57",t  ,"196,18",2024-01-10 11:51:00
2024,1,831415.0,2004.0,PJ,42837484000178,GRANITO,MG,3103405,ARAÇUAÍ,"17,78",m3 ,"102,79",2024-01-16 15:51:00
2024,1,832358.0,2008.0,PJ,01902521000105,ARGILA,MG,3169703,TURMALINA,400,t  ,16,2024-01-03 14:01:00
2024,1,831922.0,2005.0,PJ,01902521000105,ARGILA REFRATÁRIA,MG,3169703,TURMALINA,1800,t  ,72,2024-01-03 14:00:00
2024,1,831342.0,2007.0,PJ,05284593000189,GRANITO,MG,3148707,PEDRA AZUL,"31,17",m3 ,"126,76",2024-01-30 10:45:00
2024,1,830734.0,2015.0,PJ,07663795000167,AREIA,MG,3169703,TURMALINA,183,t  ,"137,59",2024-01-30 20:49:00
2024,1,831424.0,2013.0,PJ,19296734000198,GRANITO,MG,3156502,RUBELITA,"40,96",m3 ,"1571,44",2024-01-16 10:38:00
2024,1,930078.0,1997.0,PJ,21228861000100,GRAFITA,MG,3148707,PEDRA AZUL,"2397,85",t  ,"235089,67",2024-01-02 15:07:00
2024,1,807022.0,1971.0,PJ,21624671000101,ESPODUMÊNIO,MG,3134004,ITINGA,"653,08",t  ,"32593,31",2024-01-29 12:36:00
2024,1,830564.0,2015.0,PJ,25482167000167,ARGILA,MG,3141801,MINAS NOVAS,650,t  ,26,2024-01-03 13:58:00
2024,1,833804.0,2008.0,PJ,25897802000177,ARGILA,MG,3169703,TURMALINA,550,t  ,"82,5",2024-01-10 14:44:00
2024,1,830089.0,2000.0,PJ,36346393000137,GRANITO,MG,3134004,ITINGA,"113,17",m3 ,"1745,89",2024-01-23 14:36:00
2024,1,832026.0,1999.0,PJ,39365754000180,GRANITO,MG,3141405,MEDINA,"19,25",m3 ,"134,39",2024-01-29 10:03:00
2024,1,830367.0,2015.0,PJ,43215619000126,AREIA,MG,3133303,ITAOBIM,"838,6",t  ,"319,8",2024-01-19 09:14:00
2024,2,831501.0,2003.0,PJ,04867725000132,XISTO,MG,3134004,ITINGA,"444,77",t  ,"2699,05",2024-02-02 15:06:00
2024,2,803441.0,1974.0,PJ,05106351000103,FELDSPATO,MG,3134004,ITINGA,"2,67",t  ,"26,33",2024-02-02 16:00:00
2024,2,803441.0,1974.0,PJ,05106351000103,FELDSPATO,MG,3134004,ITINGA,"1168,74",t  ,"11753,44",2024-02-02 15:21:00
2024,2,832033.0,2009.0,PJ,11430465000107,AREIA,MG,3103405,ARAÇUAÍ,150,t  ,"44,11",2024-02-01 08:40:00
2024,2,832119.0,1986.0,PJ,42794263000160,FELDSPATO,MG,3157005,SALINAS,"84,28",m3 ,"7815,22",2024-02-07 11:43:00
2024,2,832119.0,1986.0,PJ,42794263000160,FELDSPATO,MG,3157005,SALINAS,"46,47",m3 ,"4412,63",2024-02-04 22:30:00
2024,2,831431.0,2013.0,PJ,17881680000100,GRANITO,MG,3103405,ARAÇUAÍ,"14,51",m3 ,"172,1",2024-02-19 08:56:00
2024,2,830770.0,2012.0,PJ,25897802000177,ARGILA,MG,3141801,MINAS NOVAS,100,t  ,"18,9",2024-02-20 10:42:00
2024,2,830361.0,2023.0,PJ,03478696000154,AREIA,MG,3168606,TEÓFILO OTONI,"478,06",t  ,"156,63",2024-02-01 08:37:00
2024,2,831459.0,1986.0,PJ,71333736000120,GRANITO,MG,3141405,MEDINA,"9,9",m3 ,"52,46",2024-02-23 16:52:00
2024,2,834418.0,2012.0,PJ,04180718000168,GRANITO,MG,3119500,CORONEL MURTA,"4,52",m3 ,"159,27",2024-02-27 10:29:00
2024,2,830770.0,2012.0,PJ,25897802000177,ARGILA,MG,3141801,MINAS NOVAS,400,t  ,"74,68",2024-02-27 12:52:00
2024,2,830653.0,2012.0,PF,***056077**,AREIA,MG,3171600,VIRGEM DA LAPA,432,t  ,"53,29",2024-02-28 08:59:00
2024,2,830653.0,2012.0,PF,***056077**,AREIA,MG,3171600,VIRGEM DA LAPA,432,t  ,"53,29",2024-02-28 08:59:00
2024,2,831680.0,2012.0,PJ,01902521000105,ARGILA,MG,3169703,TURMALINA,2050,t  ,82,2024-02-09 10:08:00
2024,2,832358.0,2008.0,PJ,01902521000105,ARGILA,MG,3169703,TURMALINA,2200,t  ,88,2024-02-09 10:10:00
2024,2,831039.0,2012.0,PJ,10831894000115,AREIA,MG,3141801,MINAS NOVAS,"1,53",t  ,"400,33",2024-02-08 09:21:00
2024,2,830360.0,2018.0,PJ,27828398000105,MORGANITA,MG,3134004,ITINGA,6539,kg ,"1050,73",2024-02-28 13:53:00
2024,2,830360.0,2018.0,PJ,27828398000105,MORGANITA,MG,3134004,ITINGA,6539,kg ,"1050,73",2024-02-28 13:53:00
2024,2,830360.0,2018.0,PJ,27828398000105,QUARTZO,MG,3134004,ITINGA,32000,kg ,"2367,74",2024-02-28 13:47:00
2024,2,830360.0,2018.0,PJ,27828398000105,QUARTZO,MG,3134004,ITINGA,32000,kg ,"2367,74",2024-02-28 13:47:00
2024,2,830360.0,2018.0,PJ,27828398000105,TURMALINA,MG,3134004,ITINGA,2490,kg ,"2151,42",2024-02-28 13:50:00
2024,2,830360.0,2018.0,PJ,27828398000105,TURMALINA,MG,3134004,ITINGA,2490,kg ,"2151,42",2024-02-28 13:50:00
2024,2,832348.0,2000.0,PJ,03933619000147,GRANITO,MG,3133303,ITAOBIM,"218,24",t  ,"5857,34",2024-02-29 10:59:00
2024,2,831342.0,2007.0,PJ,05284593000189,GRANITO,MG,3148707,PEDRA AZUL,"50,3",m3 ,"204,89",2024-02-28 07:56:00
2024,2,831342.0,2007.0,PJ,05284593000189,GRANITO,MG,3148707,PEDRA AZUL,"50,3",m3 ,"204,89",2024-02-28 07:56:00
2024,2,832854.0,2003.0,PJ,05591773000103,GRANITO,MG,3134004,ITINGA,"36,04",m3 ,"1992,8",2024-02-27 13:12:00
2024,2,930078.0,1997.0,PJ,21228861000100,GRAFITA,MG,3148707,PEDRA AZUL,"2421,52",t  ,"237572,05",2024-02-15 10:21:00
2024,2,807022.0,1971.0,PJ,21624671000101,ESPODUMÊNIO,MG,3134004,ITINGA,"9089,17",t  ,"1038387,64",2024-02-28 11:01:00
2024,2,807022.0,1971.0,PJ,21624671000101,ESPODUMÊNIO,MG,3134004,ITINGA,"9089,17",t  ,"1038387,64",2024-02-28 11:01:00
2024,2,832026.0,1999.0,PJ,39365754000180,GRANITO,MG,3141405,MEDINA,"4,31",m3 ,"8,65",2024-02-22 09:33:00
2024,2,830899.0,2017.0,PJ,39781309000100,GRANITO,MG,3169703,TURMALINA,"10668,55",t  ,"8429,69",2024-02-09 09:36:00
2024,3,832033.0,2009.0,PJ,11430465000107,AREIA,MG,3103405,ARAÇUAÍ,470,t  ,"300,84",2024-03-01 10:41:00
2024,3,835006.0,2010.0,PJ,04392500000177,MINÉRIO DE OURO,MG,3103405,ARAÇUAÍ,"766,6",g  ,"4008,57",2024-03-05 09:04:00
2024,3,835006.0,2010.0,PJ,04392500000177,MINÉRIO DE OURO,MG,3103405,ARAÇUAÍ,"1561,1",g  ,"6899,84",2024-03-05 09:02:00
2024,3,835006.0,2010.0,PJ,04392500000177,MINÉRIO DE OURO,MG,3103405,ARAÇUAÍ,"443,65",g  ,"11362,59",2024-03-05 08:56:00
2024,3,830337.0,1979.0,PJ,18702175000106,QUARTZO,MG,3103405,ARAÇUAÍ,26800,kg ,"872,19",2024-03-07 08:53:00
2024,3,832119.0,1986.0,PJ,42794263000160,FELDSPATO,MG,3157005,SALINAS,"45,18",m3 ,"11254,82",2024-03-07 09:38:00
2024,3,807652.0,1973.0,PJ,21624671000101,MINÉRIO DE LÍTIO,MG,3134004,ITINGA,"68,37",t  ,"506,13",2024-03-13 07:49:00
2024,3,831039.0,2012.0,PJ,10831894000115,AREIA,MG,3141801,MINAS NOVAS,"0,42",t  ,"144,5",2024-03-08 11:59:00
2024,3,830337.0,1979.0,PJ,18702175000106,QUARTZO,MG,3103405,ARAÇUAÍ,10001,kg ,120,2024-03-12 10:37:00
2024,3,830361.0,2023.0,PJ,03478696000154,AREIA,MG,3168606,TEÓFILO OTONI,"332,92",t  ,"142,3",2024-03-11 08:34:00
2024,3,831424.0,2013.0,PJ,19296734000198,GRANITO,MG,3156502,RUBELITA,"28,53",m3 ,"1149,92",2024-03-25 09:59:00
2024,3,831680.0,2012.0,PJ,01902521000105,ARGILA,MG,3169703,TURMALINA,2700,t  ,108,2024-03-01 14:50:00
2024,3,832358.0,2008.0,PJ,01902521000105,ARGILA,MG,3169703,TURMALINA,2350,t  ,94,2024-03-01 14:38:00
2024,3,833956.0,2012.0,PJ,07956583000178,GNAISSE,MG,3139201,MALACACHETA,"41,51",m3 ,"1330,83",2024-03-27 10:01:00
2024,3,930078.0,1997.0,PJ,21228861000100,GRAFITA,MG,3148707,PEDRA AZUL,"95,67",t  ,"22627,03",2024-03-12 15:27:00
2024,3,930078.0,1997.0,PJ,21228861000100,GRAFITA,MG,3148707,PEDRA AZUL,"2340,45",t  ,"244098,86",2024-03-12 15:25:00
2024,3,830564.0,2015.0,PJ,25482167000167,ARGILA,MG,3141801,MINAS NOVAS,2750,t  ,110,2024-03-01 14:33:00
2024,3,831337.0,2012.0,PJ,39282298000105,GRANITO,MG,3157005,SALINAS,"12,46",m3 ,"568,88",2024-03-20 14:19:00
2024,3,830195.0,2003.0,PJ,15783338000134,GRANITO,MG,3156502,RUBELITA,"109,07",m3 ,"2418,87",2024-03-21 22:27:00
2024,3,830269.0,1990.0,PJ,38564373000168,GRANITO,MG,3168606,TEÓFILO OTONI,"12777,68",t  ,"6563,37",2024-03-25 09:48:00
2024,3,830269.0,1990.0,PJ,38564373000168,GRANITO,MG,3168606,TEÓFILO OTONI,"14501,92",t  ,"7220,68",2024-03-25 14:13:00
2024,4,832119.0,1986.0,PJ,42794263000160,FELDSPATO,MG,3157005,SALINAS,"103,45",m3 ,"8151,54",2024-04-01 09:45:00
2024,4,831501.0,2003.0,PJ,04867725000132,XISTO,MG,3134004,ITINGA,"141,63",t  ,"1228,85",2024-04-02 17:44:00
2024,4,803441.0,1974.0,PJ,05106351000103,FELDSPATO,MG,3134004,ITINGA,"1,73",t  ,"23,08",2024-04-02 17:59:00
2024,4,830312.0,2013.0,PJ,18640227000167,ARGILA,MG,3157005,SALINAS,22,t  ,"1728,18",2024-04-04 10:00:00
2024,4,830312.0,2013.0,PJ,18640227000167,ARGILA,MG,3157005,SALINAS,22,t  ,"775,86",2024-04-05 10:31:00
2024,4,831501.0,2003.0,PJ,04867725000132,XISTO,MG,3134004,ITINGA,"80,16",t  ,"995,83",2024-04-09 11:45:00
2024,4,830312.0,2013.0,PJ,18640227000167,ARGILA,MG,3157005,SALINAS,22,t  ,"914,46",2024-04-10 08:29:00
2024,4,833804.0,2008.0,PJ,25897802000177,ARGILA,MG,3169703,TURMALINA,510,t  ,"76,5",2024-04-10 13:05:00
2024,4,830312.0,2013.0,PJ,18640227000167,ARGILA,MG,3157005,SALINAS,22,t  ,"589,54",2024-04-15 14:27:00
2024,4,830312.0,2013.0,PJ,18640227000167,ARGILA,MG,3157005,SALINAS,22,t  ,"815,24",2024-04-15 14:35:00
2024,4,831039.0,2012.0,PJ,10831894000115,AREIA,MG,3141801,MINAS NOVAS,"0,95",t  ,"328,86",2024-04-15 15:57:00
2024,4,830326.0,2005.0,PJ,20890995000110,GRANITO,MG,3134004,ITINGA,"114,45",t  ,"1125,9",2024-04-23 12:15:00
2024,4,830326.0,2005.0,PJ,20890995000110,GRANITO,MG,3134004,ITINGA,"629,83",t  ,"6129,16",2024-04-23 12:06:00
2024,4,830326.0,2005.0,PJ,20890995000110,XISTO,MG,3134004,ITINGA,"92,35",t  ,"1497,35",2024-04-23 14:06:00
2024,4,830326.0,2005.0,PJ,20890995000110,XISTO,MG,3134004,ITINGA,"104,86",t  ,"1011,24",2024-04-23 14:37:00
2024,4,833562.0,2013.0,PF,***157071**,CASCALHO,MG,3112307,CAPELINHA,1080,t  ,"60,03",2024-04-24 11:11:00
2024,4,830312.0,2013.0,PJ,18640227000167,ARGILA,MG,3157005,SALINAS,22,t  ,"690,16",2024-04-24 08:49:00
2024,4,831424.0,2013.0,PJ,19296734000198,GRANITO,MG,3156502,RUBELITA,"27,7",m3 ,"973,68",2024-04-25 14:18:00
2024,4,831680.0,2012.0,PJ,01902521000105,ARGILA,MG,3169703,TURMALINA,1050,t  ,42,2024-04-05 12:55:00
2024,4,831922.0,2005.0,PJ,01902521000105,ARGILA REFRATÁRIA,MG,3169703,TURMALINA,800,t  ,32,2024-04-05 12:57:00
2024,4,830361.0,2023.0,PJ,03478696000154,AREIA,MG,3168606,TEÓFILO OTONI,"460,02",t  ,"157,79",2024-04-03 09:40:00
2024,4,832578.0,2012.0,PJ,09094556000169,GRANITO,MG,3119500,CORONEL MURTA,"162,66",m3 ,"1680,53",2024-04-12 14:00:00
2024,4,830893.0,2013.0,PJ,22108450000135,GNAISSE,MG,3157005,SALINAS,"6037,26",m3 ,"3203,12",2024-04-22 09:32:00
2024,4,830564.0,2015.0,PJ,25482167000167,ARGILA,MG,3141801,MINAS NOVAS,1750,t  ,70,2024-04-05 12:52:00
2024,4,832983.0,2011.0,PJ,25482167000167,ARGILA,MG,3169703,TURMALINA,1750,t  ,70,2024-04-05 12:48:00
2024,4,830089.0,2000.0,PJ,36346393000137,GRANITO,MG,3134004,ITINGA,"40,12",m3 ,"539,25",2024-04-23 08:12:00
2024,4,831337.0,2012.0,PJ,39282298000105,GRANITO,MG,3157005,SALINAS,"6,75",m3 ,"322,22",2024-04-19 13:45:00
2024,4,831415.0,2004.0,PJ,42837484000178,GRANITO,MG,3103405,ARAÇUAÍ,"102,31",m3 ,"591,43",2024-04-23 14:03:00
2024,4,833562.0,2013.0,PF,***157071**,CASCALHO,MG,3112307,CAPELINHA,3000,t  ,"150,54",2024-04-23 11:55:00
2024,4,803441.0,1974.0,PJ,05106351000103,FELDSPATO,MG,3134004,ITINGA,"0,36",t  ,"17,88",2024-04-27 16:24:00
2024,4,831342.0,2007.0,PJ,05284593000189,GRANITO,MG,3148707,PEDRA AZUL,"10,46",m3 ,"52,93",2024-04-26 13:45:00
2024,4,832854.0,2003.0,PJ,05591773000103,GRANITO,MG,3134004,ITINGA,"91,26",m3 ,"5234,85",2024-04-25 10:39:00
2024,4,830515.0,2018.0,PJ,08701276000109,AREIA,MG,3171600,VIRGEM DA LAPA,32,t  ,"26,23",2024-04-05 09:46:00
2024,4,930078.0,1997.0,PJ,21228861000100,GRAFITA,MG,3148707,PEDRA AZUL,"155,81",t  ,"37817,01",2024-04-01 14:26:00
2024,4,807652.0,1973.0,PJ,21624671000101,ESPODUMÊNIO,MG,3134004,ITINGA,"1589,38",t  ,"65163,8",2024-04-29 09:21:00
2024,4,830269.0,1990.0,PJ,38564373000168,GRANITO,MG,3168606,TEÓFILO OTONI,"6567,71",t  ,"3304,27",2024-04-15 15:06:00
2024,4,831608.0,2002.0,PJ,39365754000180,GRANITO,MG,3134004,ITINGA,"65,63",m3 ,"792,1",2024-04-29 11:58:00
2024,4,830899.0,2017.0,PJ,39781309000100,GRANITO,MG,3169703,TURMALINA,"8230,43",t  ,"7402,41",2024-04-05 13:33:00
2024,5,832033.0,2009.0,PJ,11430465000107,AREIA,MG,3103405,ARAÇUAÍ,2481,t  ,"461,03",2024-05-03 09:44:00
2024,5,830337.0,1979.0,PJ,18702175000106,QUARTZO,MG,3103405,ARAÇUAÍ,0,kg ,"645,15",2024-05-06 15:01:00
2024,5,830361.0,2023.0,PJ,03478696000154,AREIA,MG,3168606,TEÓFILO OTONI,"470,68",t  ,"167,45",2024-05-07 09:59:00
2024,5,830893.0,2013.0,PJ,22108450000135,GNAISSE,MG,3157005,SALINAS,"6780,59",m3 ,"3853,61",2024-05-22 09:32:00
2024,5,831337.0,2012.0,PJ,39282298000105,GRANITO,MG,3157005,SALINAS,"45,68",m3 ,"1769,31",2024-05-15 10:45:00
2024,5,831459.0,1986.0,PJ,71333736000120,GRANITO,MG,3141405,MEDINA,"8,23",m3 ,"43,64",2024-05-21 17:13:00
2024,5,830924.0,2015.0,PF,***046805**,AREIA,MG,3169703,TURMALINA,264,t  ,"115,73",2024-05-29 17:45:00
2024,5,830089.0,2000.0,PJ,36346393000137,GRANITO,MG,3134004,ITINGA,"56,31",m3 ,"756,85",2024-05-23 16:06:00
2024,5,830653.0,2012.0,PF,***056077**,AREIA,MG,3171600,VIRGEM DA LAPA,560,t  ,"68,85",2024-05-29 13:08:00
2024,5,830653.0,2012.0,PF,***056077**,AREIA,MG,3171600,VIRGEM DA LAPA,1120,t  ,"170,71",2024-05-31 16:16:00
2024,5,831680.0,2012.0,PJ,01902521000105,ARGILA,MG,3169703,TURMALINA,450,t  ,18,2024-05-07 12:58:00
2024,5,832358.0,2008.0,PJ,01902521000105,ARGILA,MG,3169703,TURMALINA,550,t  ,22,2024-05-07 13:03:00
2024,5,830663.0,2003.0,PJ,05284593000189,GRANITO,MG,3157005,SALINAS,"13,2",m3 ,"71,8",2024-05-28 09:59:00
2024,5,832854.0,2003.0,PJ,05591773000103,GRANITO,MG,3134004,ITINGA,"115,25",m3 ,"6745,92",2024-05-22 12:42:00
2024,5,830515.0,2018.0,PJ,08701276000109,AREIA,MG,3171600,VIRGEM DA LAPA,"836,8",t  ,"246,4",2024-05-21 15:21:00
2024,5,807652.0,1973.0,PJ,21624671000101,ESPODUMÊNIO,MG,3134004,ITINGA,"931,93",t  ,"35871,56",2024-05-27 16:40:00
2024,5,832983.0,2011.0,PJ,25482167000167,ARGILA,MG,3169703,TURMALINA,500,t  ,20,2024-05-07 13:06:00
2024,5,830360.0,2018.0,PJ,27828398000105,MORGANITA,MG,3134004,ITINGA,2100,kg ,"215,71",2024-05-22 16:00:00
2024,5,830360.0,2018.0,PJ,27828398000105,QUARTZO,MG,3134004,ITINGA,5410,kg ,"334,03",2024-05-22 16:04:00
2024,5,830360.0,2018.0,PJ,27828398000105,TURMALINA,MG,3134004,ITINGA,390,kg ,"43,88",2024-05-22 16:06:00
2024,5,831608.0,2002.0,PJ,39365754000180,GRANITO,MG,3134004,ITINGA,"82,42",m3 ,"1366,72",2024-05-29 13:51:00
2024,5,830367.0,2015.0,PJ,43215619000126,AREIA,MG,3133303,ITAOBIM,1014,t  ,"669,06",2024-05-08 10:43:00
2024,6,830653.0,2012.0,PF,***056077**,AREIA,MG,3171600,VIRGEM DA LAPA,320,t  ,"43,82",2024-05-31 16:24:00
2024,6,803441.0,1974.0,PJ,05106351000103,FELDSPATO,MG,3134004,ITINGA,"10,22",t  ,"166,35",2024-06-03 11:16:00
2024,6,803441.0,1974.0,PJ,05106351000103,FELDSPATO,MG,3134004,ITINGA,"3,46",t  ,"196,16",2024-06-03 11:27:00
2024,6,830361.0,2023.0,PJ,03478696000154,AREIA,MG,3168606,TEÓFILO OTONI,"439,52",t  ,"172,8",2024-06-03 09:39:00
2024,6,830185.0,2010.0,PJ,04180718000168,GRANITO,MG,3156502,RUBELITA,"58,15",m3 ,"2496,89",2024-06-14 11:34:00
2024,6,830185.0,2010.0,PJ,04180718000168,GRANITO,MG,3156502,RUBELITA,"60,82",m3 ,"2180,85",2024-06-14 11:27:00
2024,6,830185.0,2010.0,PJ,04180718000168,GRANITO,MG,3156502,RUBELITA,"26,63",m3 ,"1155,55",2024-06-14 11:18:00
2024,6,830958.0,2017.0,PJ,08266412000180,XISTO,MG,3103405,ARAÇUAÍ,50,m3 ,"7,31",2024-06-14 01:11:00
2024,6,830958.0,2017.0,PJ,08266412000180,XISTO,MG,3103405,ARAÇUAÍ,8,m3 ,"4,92",2024-06-14 00:43:00
2024,6,830958.0,2017.0,PJ,08266412000180,XISTO,MG,3103405,ARAÇUAÍ,50,m3 ,"9,11",2024-06-14 01:31:00
2024,6,830958.0,2017.0,PJ,08266412000180,XISTO,MG,3103405,ARAÇUAÍ,215,m3 ,"163,58",2024-06-14 00:23:00
2024,6,830958.0,2017.0,PJ,08266412000180,XISTO,MG,3103405,ARAÇUAÍ,80,m3 ,"58,78",2024-06-14 01:41:00
2024,6,830958.0,2017.0,PJ,08266412000180,XISTO,MG,3103405,ARAÇUAÍ,85,m3 ,"172,45",2024-06-14 01:37:00
2024,6,830958.0,2017.0,PJ,08266412000180,XISTO,MG,3103405,ARAÇUAÍ,125,m3 ,"116,31",2024-06-14 01:33:00
2024,6,830958.0,2017.0,PJ,08266412000180,XISTO,MG,3103405,ARAÇUAÍ,50,m3 ,"43,19",2024-06-14 00:02:00
2024,6,830958.0,2017.0,PJ,08266412000180,XISTO,MG,3103405,ARAÇUAÍ,"121,36",m3 ,"145,64",2024-06-14 00:31:00
2024,6,830958.0,2017.0,PJ,08266412000180,XISTO,MG,3103405,ARAÇUAÍ,124,m3 ,"226,19",2024-06-14 01:20:00
2024,6,830958.0,2017.0,PJ,08266412000180,XISTO,MG,3103405,ARAÇUAÍ,183,m3 ,"261,72",2024-06-14 00:51:00
2024,6,830958.0,2017.0,PJ,08266412000180,XISTO,MG,3103405,ARAÇUAÍ,"103,75",m3 ,"194,64",2024-06-14 01:18:00
2024,6,830958.0,2017.0,PJ,08266412000180,XISTO,MG,3103405,ARAÇUAÍ,252,m3 ,"460,98",2024-06-14 00:54:00
2024,6,830958.0,2017.0,PJ,08266412000180,XISTO,MG,3103405,ARAÇUAÍ,"263,94",m3 ,"295,71",2024-06-14 01:13:00
2024,6,830958.0,2017.0,PJ,08266412000180,XISTO,MG,3103405,ARAÇUAÍ,36,m3 ,"63,73",2024-06-14 01:05:00
2024,6,830958.0,2017.0,PJ,08266412000180,XISTO,MG,3103405,ARAÇUAÍ,428,m3 ,"670,29",2024-06-14 01:03:00
2024,6,830653.0,2012.0,PF,***056077**,AREIA,MG,3171600,VIRGEM DA LAPA,560,t  ,"68,55",2024-06-12 18:32:00
2024,6,832033.0,2009.0,PJ,11430465000107,AREIA,MG,3103405,ARAÇUAÍ,2166,t  ,"362,19",2024-06-04 15:02:00
2024,6,830893.0,2013.0,PJ,22108450000135,GNAISSE,MG,3157005,SALINAS,"12367,37",m3 ,"6662,52",2024-06-21 14:16:00
2024,6,833956.0,2012.0,PJ,07956583000178,GNAISSE,MG,3139201,MALACACHETA,"40,49",m3 ,"1341,59",2024-06-04 08:27:00
2024,6,832578.0,2012.0,PJ,09094556000169,GRANITO,MG,3119500,CORONEL MURTA,"11,49",m3 ,"118,94",2024-06-17 15:08:00
2024,6,830089.0,2000.0,PJ,36346393000137,GRANITO,MG,3134004,ITINGA,"39,14",m3 ,"526,07",2024-06-20 15:33:00
2024,6,831415.0,2004.0,PJ,42837484000178,GRANITO,MG,3103405,ARAÇUAÍ,300,m3 ,"1734,31",2024-06-19 14:03:00
2024,6,832348.0,2000.0,PJ,03933619000147,GRANITO,MG,3133303,ITAOBIM,"321,78",t  ,"8467,02",2024-06-25 11:04:00
2024,6,832854.0,2003.0,PJ,05591773000103,GRANITO,MG,3134004,ITINGA,"146,77",m3 ,"8266,93",2024-06-21 11:21:00
2024,6,832779.0,2010.0,PJ,05591773000103,GRANITO,MG,3156502,RUBELITA,"77,93",m3 ,"3609,38",2024-06-21 11:26:00
2024,6,930078.0,1997.0,PJ,21228861000100,GRAFITA,MG,3148707,PEDRA AZUL,"226,04",t  ,"54371,52",2024-06-05 08:17:00
2024,6,930078.0,1997.0,PJ,21228861000100,GRAFITA,MG,3148707,PEDRA AZUL,"2891,16",t  ,"293349,31",2024-06-05 08:14:00
2024,6,830564.0,2015.0,PJ,25482167000167,ARGILA,MG,3141801,MINAS NOVAS,3500,t  ,140,2024-06-05 07:59:00
2024,6,830269.0,1990.0,PJ,38564373000168,GRANITO,MG,3168606,TEÓFILO OTONI,"10896,67",t  ,"5700,73",2024-06-13 10:28:00
2024,6,831608.0,2002.0,PJ,39365754000180,GRANITO,MG,3134004,ITINGA,"113,19",m3 ,"1983,11",2024-06-27 09:55:00
2024,6,830899.0,2017.0,PJ,39781309000100,GRANITO,MG,3169703,TURMALINA,"12849,87",t  ,"10950,28",2024-06-06 08:15:00
2024,7,831039.0,2012.0,PJ,10831894000115,AREIA,MG,3141801,MINAS NOVAS,"1,71",t  ,"606,86",2024-07-01 14:03:00
2024,7,831501.0,2003.0,PJ,04867725000132,XISTO,MG,3134004,ITINGA,"1070,44",t  ,"9741,88",2024-07-02 17:12:00
2024,7,803441.0,1974.0,PJ,05106351000103,FELDSPATO,MG,3134004,ITINGA,"0,35",t  ,"17,83",2024-07-02 16:00:00
2024,7,830958.0,2017.0,PJ,08266412000180,XISTO,MG,3103405,ARAÇUAÍ,432,m3 ,"786,07",2024-07-09 14:59:00
2024,7,830846.0,2022.0,PJ,09029511000100,ARGILA,MG,3157005,SALINAS,570,t  ,"223,99",2024-07-15 09:25:00
2024,7,830846.0,2022.0,PJ,09029511000100,ARGILA,MG,3157005,SALINAS,750,t  ,"291,9",2024-07-15 09:27:00
2024,7,830846.0,2022.0,PJ,09029511000100,ARGILA,MG,3157005,SALINAS,765,t  ,"295,22",2024-07-15 09:28:00
2024,7,830846.0,2022.0,PJ,09029511000100,ARGILA,MG,3157005,SALINAS,745,t  ,"293,04",2024-07-15 09:29:00
2024,7,830846.0,2022.0,PJ,09029511000100,ARGILA,MG,3157005,SALINAS,695,t  ,"262,08",2024-07-15 09:33:00
2024,7,830846.0,2022.0,PJ,09029511000100,ARGILA,MG,3157005,SALINAS,650,t  ,"243,6",2024-07-15 09:40:00
2024,7,830846.0,2022.0,PJ,09029511000100,ARGILA,MG,3157005,SALINAS,475,t  ,"167,29",2024-07-15 09:46:00
2024,7,830846.0,2022.0,PJ,09029511000100,ARGILA,MG,3157005,SALINAS,420,t  ,"167,36",2024-07-15 09:24:00
2024,7,830846.0,2022.0,PJ,09029511000100,ARGILA,MG,3157005,SALINAS,315,t  ,"128,51",2024-07-15 09:22:00
2024,7,830846.0,2022.0,PJ,09029511000100,ARGILA,MG,3157005,SALINAS,435,t  ,"179,02",2024-07-15 09:19:00
2024,7,830846.0,2022.0,PJ,09029511000100,ARGILA,MG,3157005,SALINAS,1100,t  ,"455,97",2024-07-15 09:16:00
2024,7,830846.0,2022.0,PJ,09029511000100,ARGILA,MG,3157005,SALINAS,540,t  ,"174,14",2024-07-15 09:47:00
2024,7,832119.0,1986.0,PJ,42794263000160,FELDSPATO,MG,3157005,SALINAS,"187,79",m3 ,"16477,78",2024-07-15 18:31:00
2024,7,830515.0,2018.0,PJ,08701276000109,AREIA,MG,3171600,VIRGEM DA LAPA,"412,8",t  ,"186,76",2024-07-02 10:23:00
2024,7,831039.0,2012.0,PJ,10831894000115,AREIA,MG,3141801,MINAS NOVAS,"3,35",t  ,"1037,1",2024-07-10 10:00:00
2024,7,830893.0,2013.0,PJ,22108450000135,GNAISSE,MG,3157005,SALINAS,"8979,39",m3 ,"4926,19",2024-07-17 08:44:00
2024,7,831459.0,1986.0,PJ,71333736000120,GRANITO,MG,3141405,MEDINA,"116,39",m3 ,"2773,08",2024-07-22 18:17:00
2024,7,833956.0,2012.0,PJ,07956583000178,GNAISSE,MG,3139201,MALACACHETA,"43,02",m3 ,"1430,99",2024-07-01 14:37:00
2024,7,830515.0,2018.0,PJ,08701276000109,AREIA,MG,3171600,VIRGEM DA LAPA,50,t  ,"9,79",2024-07-02 10:26:00
2024,7,833857.0,2011.0,PJ,12294384000181,GRANITO,MG,3168606,TEÓFILO OTONI,"97,61",m3 ,"3662,94",2024-07-12 09:29:00
2024,7,831431.0,2013.0,PJ,17881680000100,GRANITO,MG,3103405,ARAÇUAÍ,"57,98",m3 ,"2014,05",2024-07-29 09:08:00
2024,7,831431.0,2013.0,PJ,17881680000100,GRANITO,MG,3103405,ARAÇUAÍ,"81,98",m3 ,"2470,44",2024-07-02 10:43:00
2024,7,830924.0,2015.0,PF,***046805**,AREIA,MG,3169703,TURMALINA,231,t  ,"187,74",2024-07-29 22:42:00
2024,7,831415.0,2004.0,PJ,42837484000178,GRANITO,MG,3103405,ARAÇUAÍ,"107,64",m3 ,"622,24",2024-07-18 08:35:00
2024,7,834323.0,2007.0,PJ,48219870000182,GRANITO,MG,3156502,RUBELITA,"347,8",t  ,"10830,01",2024-07-29 08:51:00
2024,7,832358.0,2008.0,PJ,01902521000105,ARGILA,MG,3169703,TURMALINA,5150,t  ,206,2024-07-05 14:19:00
2024,7,830185.0,2010.0,PJ,04180718000168,GRANITO,MG,3156502,RUBELITA,"111,66",m3 ,"3742,59",2024-07-11 10:08:00
2024,7,832854.0,2003.0,PJ,05591773000103,GRANITO,MG,3134004,ITINGA,"52,28",m3 ,"3256,43",2024-07-22 08:28:00
2024,7,832779.0,2010.0,PJ,05591773000103,GRANITO,MG,3156502,RUBELITA,"50,86",m3 ,"2549,19",2024-07-22 08:37:00
2024,7,830195.0,2003.0,PJ,15783338000134,GRANITO,MG,3156502,RUBELITA,"49,79",m3 ,"1144,02",2024-07-30 14:03:00
2024,7,930078.0,1997.0,PJ,21228861000100,GRAFITA,MG,3148707,PEDRA AZUL,"3083,82",t  ,"309409,95",2024-07-04 08:45:00
2024,7,930078.0,1997.0,PJ,21228861000100,GRAFITA,MG,3148707,PEDRA AZUL,"260,36",t  ,"61619,79",2024-07-04 08:48:00
2024,7,830089.0,2000.0,PJ,36346393000137,GRANITO,MG,3134004,ITINGA,"109,84",m3 ,"1867,57",2024-07-25 16:47:00
2024,7,830269.0,1990.0,PJ,38564373000168,GRANITO,MG,3168606,TEÓFILO OTONI,"16650,09",t  ,"7340,41",2024-07-22 16:05:00
2024,7,830899.0,2017.0,PJ,39781309000100,GRANITO,MG,3169703,TURMALINA,"11382,17",t  ,"10226,79",2024-07-23 08:33:00
2024,8,835006.0,2010.0,PJ,04392500000177,AREIA,MG,3103405,ARAÇUAÍ,820,t  ,"350,55",2024-08-01 08:38:00
2024,8,835006.0,2010.0,PJ,04392500000177,AREIA,MG,3103405,ARAÇUAÍ,49,t  ,"27,91",2024-08-01 08:31:00
2024,8,835006.0,2010.0,PJ,04392500000177,AREIA,MG,3103405,ARAÇUAÍ,75,t  ,"42,35",2024-08-01 08:25:00
2024,8,835006.0,2010.0,PJ,04392500000177,AREIA,MG,3103405,ARAÇUAÍ,65,t  ,"38,08",2024-08-01 08:34:00
2024,8,835006.0,2010.0,PJ,04392500000177,AREIA,MG,3103405,ARAÇUAÍ,161,t  ,"80,6",2024-08-01 08:37:00
2024,8,835006.0,2010.0,PJ,04392500000177,AREIA,MG,3103405,ARAÇUAÍ,264,t  ,"124,15",2024-08-01 08:35:00
2024,8,835006.0,2010.0,PJ,04392500000177,AREIA,MG,3103405,ARAÇUAÍ,"55,2",t  ,"25,93",2024-08-01 08:23:00
2024,8,835006.0,2010.0,PJ,04392500000177,AREIA,MG,3103405,ARAÇUAÍ,180,t  ,"108,43",2024-08-01 08:27:00
2024,8,835006.0,2010.0,PJ,04392500000177,MINÉRIO DE OURO,MG,3103405,ARAÇUAÍ,"0,55",kg ,"3100,16",2024-08-01 08:42:00
2024,8,835006.0,2010.0,PJ,04392500000177,MINÉRIO DE OURO,MG,3103405,ARAÇUAÍ,"0,39",kg ,"2283,83",2024-08-01 08:43:00
2024,8,835006.0,2010.0,PJ,04392500000177,MINÉRIO DE OURO,MG,3103405,ARAÇUAÍ,"0,22",kg ,"1382,98",2024-08-01 08:44:00
2024,8,832119.0,1986.0,PJ,42794263000160,FELDSPATO,MG,3157005,SALINAS,"109,67",m3 ,"10431,2",2024-08-02 16:53:00
2024,8,831501.0,2003.0,PJ,04867725000132,XISTO,MG,3134004,ITINGA,"524,16",t  ,"6414,44",2024-08-08 12:59:00
2024,8,803441.0,1974.0,PJ,05106351000103,FELDSPATO,MG,3134004,ITINGA,"1,4",t  ,"75,62",2024-08-08 13:17:00
2024,8,831039.0,2012.0,PJ,10831894000115,AREIA,MG,3141801,MINAS NOVAS,"2,21",t  ,"685,66",2024-08-08 14:49:00
2024,8,830361.0,2023.0,PJ,03478696000154,AREIA,MG,3168606,TEÓFILO OTONI,"516,6",t  ,"207,4",2024-08-06 09:14:00
2024,8,831431.0,2013.0,PJ,17881680000100,GRANITO,MG,3103405,ARAÇUAÍ,"37,78",m3 ,"793,98",2024-08-15 16:20:00
2024,8,830893.0,2013.0,PJ,22108450000135,GNAISSE,MG,3157005,SALINAS,"10480,74",m3 ,"5659,82",2024-08-23 09:06:00
2024,8,831459.0,1986.0,PJ,71333736000120,GRANITO,MG,3141405,MEDINA,"92,76",m3 ,"2120,7",2024-08-23 13:40:00
2024,8,833857.0,2011.0,PJ,12294384000181,GRANITO,MG,3168606,TEÓFILO OTONI,"90,68",m3 ,"3403,06",2024-08-13 16:43:00
2024,8,830805.0,2017.0,PJ,25102005000156,ARGILA,MG,3168606,TEÓFILO OTONI,252,t  ,"132,65",2024-08-13 09:21:00
2024,8,833956.0,2012.0,PJ,07956583000178,GNAISSE,MG,3139201,MALACACHETA,"33,96",m3 ,"1275,61",2024-08-02 07:59:00
2024,8,831337.0,2012.0,PJ,39282298000105,GRANITO,MG,3157005,SALINAS,"10,61",m3 ,"372,14",2024-08-19 15:08:00
2024,8,831415.0,2004.0,PJ,42837484000178,GRANITO,MG,3103405,ARAÇUAÍ,"216,1",m3 ,"1249,25",2024-08-19 15:57:00
2024,8,830924.0,2015.0,PF,***046805**,AREIA,MG,3169703,TURMALINA,"258,5",t  ,"204,59",2024-08-30 16:13:00
2024,8,830011.0,2007.0,PJ,00968624000105,GRANITO,MG,3141405,MEDINA,"28,94",m3 ,"83,69",2024-08-22 08:24:00
2024,8,831680.0,2012.0,PJ,01902521000105,ARGILA,MG,3169703,TURMALINA,3550,t  ,142,2024-08-06 07:24:00
2024,8,830185.0,2010.0,PJ,04180718000168,GRANITO,MG,3156502,RUBELITA,"44,2",m3 ,"3393,62",2024-08-19 10:45:00
2024,8,830663.0,2003.0,PJ,05284593000189,GRANITO,MG,3157005,SALINAS,"254,53",m3 ,"13563,86",2024-08-27 13:23:00
2024,8,832779.0,2010.0,PJ,05591773000103,GRANITO,MG,3156502,RUBELITA,"33,8",m3 ,"1720,15",2024-08-26 17:56:00
2024,8,830515.0,2018.0,PJ,08701276000109,AREIA,MG,3171600,VIRGEM DA LAPA,424,t  ,"278,88",2024-08-08 09:06:00
2024,8,930078.0,1997.0,PJ,21228861000100,GRAFITA,MG,3148707,PEDRA AZUL,"2726,29",t  ,"284608,15",2024-08-05 08:16:00
2024,8,807652.0,1973.0,PJ,21624671000101,ESPODUMÊNIO,MG,3134004,ITINGA,"1471,89",t  ,"68816,85",2024-08-28 08:32:00
2024,8,833804.0,2008.0,PJ,25897802000177,ARGILA,MG,3169703,TURMALINA,650,t  ,"97,5",2024-08-13 10:39:00
2024,8,831608.0,2002.0,PJ,39365754000180,GRANITO,MG,3134004,ITINGA,"93,77",m3 ,"2224,52",2024-08-27 16:20:00
2024,8,830899.0,2017.0,PJ,39781309000100,GRANITO,MG,3169703,TURMALINA,"10,65",t  ,"18447,51",2024-08-29 14:48:00
2024,8,830367.0,2015.0,PJ,43215619000126,AREIA,MG,3133303,ITAOBIM,881,t  ,"497,6",2024-08-01 14:54:00
2024,8,834323.0,2007.0,PJ,48219870000182,GRANITO,MG,3156502,RUBELITA,"303,72",t  ,"8330,69",2024-08-12 16:35:00
2024,9,832119.0,1986.0,PJ,42794263000160,FELDSPATO,MG,3157005,SALINAS,"176,06",m3 ,"11645,08",2024-09-02 12:00:00
2024,9,830326.0,2005.0,PJ,20890995000110,XISTO,MG,3134004,ITINGA,"221,87",m3 ,"1866,49",2024-09-06 16:33:00
2024,9,830326.0,2005.0,PJ,20890995000110,XISTO,MG,3134004,ITINGA,"50,55",m3 ,"1838,34",2024-09-11 14:17:00
2024,9,830326.0,2005.0,PJ,20890995000110,XISTO,MG,3134004,ITINGA,11,m3 ,"723,05",2024-09-11 14:13:00
2024,9,830326.0,2005.0,PJ,20890995000110,XISTO,MG,3134004,ITINGA,"44,81",m3 ,"1522,73",2024-09-11 14:04:00
2024,9,830185.0,2010.0,PJ,04180718000168,GRANITO,MG,3156502,RUBELITA,"75,9",m3 ,"3252,26",2024-09-16 14:50:00
2024,9,831919.0,2017.0,PJ,42769956000100,MINÉRIO DE OURO,MG,3171600,VIRGEM DA LAPA,"49000710813,1",g  ,"2978,02",2024-09-11 09:36:00
2024,9,803441.0,1974.0,PJ,05106351000103,FELDSPATO,MG,3134004,ITINGA,"8,14",t  ,"574,23",2024-09-17 18:26:00
2024,9,830361.0,2023.0,PJ,03478696000154,AREIA,MG,3168606,TEÓFILO OTONI,"583,84",t  ,"210,85",2024-09-09 09:09:00
2024,9,832169.0,1995.0,PJ,04867725000132,XISTO,MG,3134004,ITINGA,"68,53",t  ,"423,21",2024-09-25 11:50:00
2024,9,831501.0,2003.0,PJ,04867725000132,XISTO,MG,3134004,ITINGA,"516,04",t  ,"5087,26",2024-09-25 11:47:00
2024,9,831415.0,2004.0,PJ,42837484000178,GRANITO,MG,3103405,ARAÇUAÍ,"301,63",m3 ,"1743,73",2024-09-16 16:29:00
2024,9,803441.0,1974.0,PJ,05106351000103,FELDSPATO,MG,3134004,ITINGA,"0,94",t  ,"48,85",2024-09-25 14:44:00
2024,9,833956.0,2012.0,PJ,07956583000178,GNAISSE,MG,3139201,MALACACHETA,"49,32",m3 ,"1619,9",2024-09-02 08:07:00
2024,9,834323.0,2007.0,PJ,48219870000182,GRANITO,MG,3156502,RUBELITA,"458,04",t  ,"16339,82",2024-09-23 14:17:00
2024,9,832854.0,2003.0,PJ,05591773000103,GRANITO,MG,3134004,ITINGA,"140,21",m3 ,"8936,95",2024-09-24 16:18:00
2024,9,832779.0,2010.0,PJ,05591773000103,GRANITO,MG,3156502,RUBELITA,"39,92",m3 ,"2037,29",2024-09-24 16:23:00
2024,9,833857.0,2011.0,PJ,12294384000181,GRANITO,MG,3168606,TEÓFILO OTONI,"95,27",m3 ,"3575,01",2024-09-04 17:14:00
2024,9,830195.0,2003.0,PJ,15783338000134,GRANITO,MG,3156502,RUBELITA,"54,12",m3 ,"1313,12",2024-09-30 10:45:00
2024,9,930078.0,1997.0,PJ,21228861000100,GRAFITA,MG,3148707,PEDRA AZUL,"255,62",t  ,"59268,35",2024-09-03 15:33:00
2024,9,930078.0,1997.0,PJ,21228861000100,GRAFITA,MG,3148707,PEDRA AZUL,"2514,46",t  ,"261760,24",2024-09-03 15:30:00
2024,9,832983.0,2011.0,PJ,25482167000167,ARGILA,MG,3169703,TURMALINA,1670,t  ,"66,8",2024-09-03 07:38:00
2024,9,830899.0,2017.0,PJ,39781309000100,GRANITO,MG,3169703,TURMALINA,"12,54",t  ,"16135,36",2024-09-25 17:09:00
2024,9,830367.0,2015.0,PJ,43215619000126,AREIA,MG,3133303,ITAOBIM,762,t  ,"660,9",2024-09-11 09:22:00
2024,10,832033.0,2009.0,PJ,11430465000107,AREIA,MG,3103405,ARAÇUAÍ,"2787,9",t  ,"350,76",2024-10-01 08:23:00
2024,10,832119.0,1986.0,PJ,42794263000160,FELDSPATO,MG,3157005,SALINAS,"226,47",m3 ,"13419,23",2024-10-01 09:07:00
2024,10,833804.0,2008.0,PJ,25897802000177,ARGILA,MG,3169703,TURMALINA,700,t  ,105,2024-10-21 13:56:00
2024,10,831039.0,2012.0,PJ,10831894000115,AREIA,MG,3141801,MINAS NOVAS,"1,7",t  ,"430,5",2024-10-17 09:09:00
2024,10,831424.0,2013.0,PJ,19296734000198,GRANITO,MG,3156502,RUBELITA,"439,74",m3 ,"2488,51",2024-10-24 14:31:00
2024,10,831415.0,2004.0,PJ,42837484000178,GRANITO,MG,3103405,ARAÇUAÍ,"119,61",m3 ,"691,48",2024-10-22 15:38:00
2024,10,831922.0,2005.0,PJ,01902521000105,ARGILA REFRATÁRIA,MG,3169703,TURMALINA,300,t  ,12,2024-10-02 08:22:00
2024,10,832983.0,2011.0,PJ,25482167000167,ARGILA,MG,3169703,TURMALINA,4080,t  ,"163,2",2024-10-02 08:20:00
2024,10,830924.0,2015.0,PF,***046805**,AREIA,MG,3169703,TURMALINA,"609,92",t  ,"486,48",2024-10-31 08:44:00
2024,10,832854.0,2003.0,PJ,05591773000103,GRANITO,MG,3134004,ITINGA,"53,71",m3 ,"3455,88",2024-10-28 11:59:00
2024,10,830195.0,2003.0,PJ,15783338000134,GRANITO,MG,3156502,RUBELITA,"175,44",m3 ,"3964,07",2024-10-31 14:27:00
2024,10,930078.0,1997.0,PJ,21228861000100,GRAFITA,MG,3148707,PEDRA AZUL,"3594,91",t  ,"386486,65",2024-10-02 10:41:00
2024,10,830951.0,2021.0,PJ,37869584000146,QUARTZO,MG,3157005,SALINAS,"21,47",m3 ,"2118,51",2024-10-17 16:57:00
2024,10,830899.0,2017.0,PJ,39781309000100,GRANITO,MG,3169703,TURMALINA,"11,45",t  ,"10369,73",2024-10-24 13:28:00
2024,10,830367.0,2015.0,PJ,43215619000126,AREIA,MG,3133303,ITAOBIM,994,t  ,761,2024-10-03 12:17:00
2024,10,834323.0,2007.0,PJ,48219870000182,GRANITO,MG,3156502,RUBELITA,"345,91",t  ,"16346,92",2024-10-23 11:41:00
2024,11,832119.0,1986.0,PJ,42794263000160,FELDSPATO,MG,3157005,SALINAS,"172,59",m3 ,"13851,13",2024-11-03 11:11:00
2024,11,831919.0,2017.0,PJ,42769956000100,MINÉRIO DE OURO,MG,3171600,VIRGEM DA LAPA,300,g  ,"1978,88",2024-11-12 14:08:00
2024,11,824692.0,1971.0,PJ,16482121000157,ESPODUMÊNIO,MG,3103405,ARAÇUAÍ,"11000334,5",kg ,"508934,59",2024-11-19 10:12:00
2024,11,824692.0,1971.0,PJ,16482121000157,ESPODUMÊNIO,MG,3103405,ARAÇUAÍ,"10873924,5",kg ,"566629,83",2024-11-19 10:11:00
2024,11,824692.0,1971.0,PJ,16482121000157,ESPODUMÊNIO,MG,3103405,ARAÇUAÍ,21837165,kg ,"1373867,46",2024-11-19 10:00:00
2024,11,824692.0,1971.0,PJ,16482121000157,ESPODUMÊNIO,MG,3103405,ARAÇUAÍ,11000000,kg ,"523163,83",2024-11-19 10:08:00
2024,11,824692.0,1971.0,PJ,16482121000157,ESPODUMÊNIO,MG,3103405,ARAÇUAÍ,11078425,kg ,"554343,51",2024-11-19 10:04:00
2024,11,824692.0,1971.0,PJ,16482121000157,ESPODUMÊNIO,MG,3134004,ITINGA,"10873924,5",kg ,"566629,83",2024-11-19 10:10:00
2024,11,824692.0,1971.0,PJ,16482121000157,ESPODUMÊNIO,MG,3134004,ITINGA,11078425,kg ,"554343,51",2024-11-19 10:02:00
2024,11,824692.0,1971.0,PJ,16482121000157,ESPODUMÊNIO,MG,3134004,ITINGA,"11001327,5",kg ,"525934,74",2024-11-19 10:09:00
2024,11,824692.0,1971.0,PJ,16482121000157,ESPODUMÊNIO,MG,3134004,ITINGA,11000000,kg ,"523163,83",2024-11-19 10:07:00
2024,11,824692.0,1971.0,PJ,16482121000157,ESPODUMÊNIO,MG,3134004,ITINGA,11000000,kg ,"548125,3",2024-11-19 10:06:00
2024,11,831039.0,2012.0,PJ,10831894000115,AREIA,MG,3141801,MINAS NOVAS,"1,66",t  ,420,2024-11-06 16:09:00
2024,11,832033.0,2009.0,PJ,11430465000107,AREIA,MG,3103405,ARAÇUAÍ,30,t  ,"2,87",2024-11-08 08:34:00
2024,11,833857.0,2011.0,PJ,12294384000181,GRANITO,MG,3168606,TEÓFILO OTONI,"55,09",m3 ,"2067,21",2024-11-05 14:49:00
2024,11,831501.0,2003.0,PJ,04867725000132,XISTO,MG,3134004,ITINGA,"615,41",t  ,"5834,8",2024-11-25 17:35:00
2024,11,803441.0,1974.0,PJ,05106351000103,FELDSPATO,MG,3134004,ITINGA,"251613,27",t  ,"64,19",2024-11-25 17:53:00
2024,11,831415.0,2004.0,PJ,42837484000178,GRANITO,MG,3103405,ARAÇUAÍ,"157,15",m3 ,"908,49",2024-11-20 10:20:00
2024,11,833956.0,2012.0,PJ,07956583000178,GNAISSE,MG,3139201,MALACACHETA,"31,72",m3 ,"717,12",2024-11-01 08:16:00
2024,11,831424.0,2013.0,PJ,19296734000198,GRANITO,MG,3156502,RUBELITA,"67,53",m3 ,"3598,43",2024-11-25 08:49:00
2024,11,830185.0,2010.0,PJ,04180718000168,GRANITO,MG,3156502,RUBELITA,"49,36",m3 ,"2100,11",2024-11-13 15:42:00
2024,11,831501.0,2003.0,PJ,04867725000132,XISTO,MG,3134004,ITINGA,"2005,07",t  ,"13718,92",2024-11-25 18:13:00
2024,11,832169.0,1995.0,PJ,04867725000132,XISTO,MG,3134004,ITINGA,"69,54",t  ,"469,19",2024-11-25 18:16:00
2024,11,803441.0,1974.0,PJ,05106351000103,FELDSPATO,MG,3134004,ITINGA,"139,37",t  ,"1927,2",2024-11-25 18:19:00
2024,11,832854.0,2003.0,PJ,05591773000103,GRANITO,MG,3134004,ITINGA,"77,45",m3 ,"4914,4",2024-11-25 14:45:00
2024,11,832779.0,2010.0,PJ,05591773000103,GRANITO,MG,3156502,RUBELITA,"12,32",m3 ,"692,36",2024-11-25 14:51:00
2024,11,830515.0,2018.0,PJ,08701276000109,AREIA,MG,3171600,VIRGEM DA LAPA,"294,4",t  ,"229,17",2024-11-19 13:52:00
2024,11,830195.0,2003.0,PJ,15783338000134,GRANITO,MG,3156502,RUBELITA,"99,84",m3 ,"2184,76",2024-11-28 15:01:00
2024,11,930078.0,1997.0,PJ,21228861000100,GRAFITA,MG,3148707,PEDRA AZUL,"3728,84",t  ,"409267,67",2024-11-04 08:58:00
2024,11,807652.0,1973.0,PJ,21624671000101,ESPODUMÊNIO,MG,3134004,ITINGA,"5191,9",t  ,"275853,65",2024-11-29 09:02:00
2024,11,807652.0,1973.0,PJ,21624671000101,ESPODUMÊNIO,MG,3134004,ITINGA,"5191,89",t  ,"275853,65",2024-11-29 09:14:00
2024,11,831608.0,2002.0,PJ,39365754000180,GRANITO,MG,3134004,ITINGA,"74,53",m3 ,"1562,9",2024-11-25 15:51:00
2024,11,830899.0,2017.0,PJ,39781309000100,GRANITO,MG,3169703,TURMALINA,"14664,78",t  ,"12923,48",2024-11-28 09:55:00
2024,11,830367.0,2015.0,PJ,43215619000126,AREIA,MG,3133303,ITAOBIM,786,t  ,629,2024-11-07 10:57:00
2024,12,803441.0,1974.0,PJ,05106351000103,FELDSPATO,MG,3134004,ITINGA,"0,59",t  ,"8,58",2024-11-25 18:28:00
2024,12,830924.0,2015.0,PF,***046805**,AREIA,MG,3169703,TURMALINA,"615,85",t  ,"499,75",2024-12-04 19:07:00
2024,12,831424.0,2013.0,PJ,19296734000198,GRANITO,MG,3156502,RUBELITA,"25,55",m3 ,"873,47",2024-12-16 14:24:00
2024,12,833804.0,2008.0,PJ,25897802000177,ARGILA,MG,3169703,TURMALINA,500,t  ,75,2024-12-18 13:04:00
2024,12,833597.0,2006.0,PJ,01969976000130,AREIA,MG,3168606,TEÓFILO OTONI,"214,2",t  ,"322,87",2024-12-23 16:55:00
2024,12,833597.0,2006.0,PJ,01969976000130,AREIA,MG,3168606,TEÓFILO OTONI,231,t  ,"270,58",2024-12-27 14:33:00
2024,12,833597.0,2006.0,PJ,01969976000130,AREIA,MG,3168606,TEÓFILO OTONI,448,t  ,"575,48",2024-12-27 14:33:00
2024,12,833597.0,2006.0,PJ,01969976000130,AREIA,MG,3168606,TEÓFILO OTONI,140,t  ,"100,23",2024-12-27 14:30:00
2024,12,831922.0,2005.0,PJ,01902521000105,ARGILA REFRATÁRIA,MG,3169703,TURMALINA,3350,t  ,134,2024-12-03 12:29:00
2024,12,833597.0,2006.0,PJ,01969976000130,AREIA,MG,3168606,TEÓFILO OTONI,147,t  ,"170,58",2024-12-30 16:57:00
2024,12,832854.0,2003.0,PJ,05591773000103,GRANITO,MG,3134004,ITINGA,"32,99",m3 ,"2067,07",2024-12-24 09:46:00
2024,12,930078.0,1997.0,PJ,21228861000100,GRAFITA,MG,3148707,PEDRA AZUL,"3555,69",t  ,"379085,06",2024-12-05 08:47:00
2024,12,807652.0,1973.0,PJ,21624671000101,ESPODUMÊNIO,MG,3134004,ITINGA,"1751,39",t  ,"76996,55",2024-12-18 09:08:00
2024,12,831608.0,2002.0,PJ,39365754000180,GRANITO,MG,3134004,ITINGA,"80,13",m3 ,"1490,4",2024-12-23 16:02:00
2024,12,830003.0,2004.0,PJ,39365754000180,GRANITO,MG,3134004,ITINGA,"22,95",m3 ,"277,11",2024-12-23 15:52:00
2024,12,830899.0,2017.0,PJ,39781309000100,GRANITO,MG,3169703,TURMALINA,"14231,49",t  ,"13528,9",2024-12-27 15:37:00
2025,1,831158.0,2021.0,PJ,12472865000130,QUARTZITO,MG,3157005,SALINAS,"76,87",m3 ,"9993,88",2024-12-16 10:08:00
2025,1,830269.0,1990.0,PJ,38564373000168,GRANITO,MG,3168606,TEÓFILO OTONI,12298,t  ,"6012,53",2024-12-20 14:28:00
2025,1,832179.0,1999.0,PJ,09466225000102,TURMALINA,MG,3119500,CORONEL MURTA,38000,kg ,"28,52",2025-01-07 08:12:00
2025,1,832179.0,1999.0,PJ,09466225000102,TURMALINA,MG,3119500,CORONEL MURTA,10320,kg ,"65,6",2025-01-07 08:34:00
2025,1,832179.0,1999.0,PJ,09466225000102,TURMALINA,MG,3119500,CORONEL MURTA,14000,kg ,"117,65",2025-01-07 08:23:00
2025,1,832179.0,1999.0,PJ,09466225000102,TURMALINA,MG,3119500,CORONEL MURTA,73900,kg ,"74,15",2025-01-07 08:25:00
2025,1,832033.0,2009.0,PJ,11430465000107,AREIA,MG,3103405,ARAÇUAÍ,"3070,99",t  ,"544,38",2025-01-07 10:06:00
2025,1,830490.0,2004.0,PJ,41519248000140,FELDSPATO,MG,3157005,SALINAS,19,m3 ,"3626,48",2025-01-09 16:32:00
2025,1,830490.0,2004.0,PJ,41519248000140,FELDSPATO,MG,3157005,SALINAS,"15,42",m3 ,"6068,53",2025-01-10 09:52:00
2025,1,833612.0,2013.0,PJ,09554036000191,ARGILA,MG,3157005,SALINAS,522,t  ,"166,47",2025-01-13 08:51:00
2025,1,833611.0,2013.0,PJ,09554036000191,ARGILA,MG,3157005,SALINAS,406,t  ,"156,66",2025-01-13 09:01:00
2025,1,833611.0,2013.0,PJ,09554036000191,ARGILA,MG,3157005,SALINAS,1044,t  ,"398,77",2025-01-13 09:03:00
2025,1,833611.0,2013.0,PJ,09554036000191,ARGILA,MG,3157005,SALINAS,783,t  ,"296,51",2025-01-13 09:04:00
2025,1,833611.0,2013.0,PJ,09554036000191,ARGILA,MG,3157005,SALINAS,812,t  ,"304,75",2025-01-13 09:05:00
2025,1,833611.0,2013.0,PJ,09554036000191,ARGILA,MG,3157005,SALINAS,1218,t  ,"453,26",2025-01-13 09:11:00
2025,1,833611.0,2013.0,PJ,09554036000191,ARGILA,MG,3157005,SALINAS,986,t  ,"365,44",2025-01-13 09:12:00
2025,1,830796.0,2013.0,PJ,09554036000191,ARGILA,MG,3157005,SALINAS,696,t  ,"208,8",2025-01-13 09:31:00
2025,1,830796.0,2013.0,PJ,09554036000191,ARGILA,MG,3157005,SALINAS,1160,t  ,"349,18",2025-01-13 09:30:00
2025,1,833612.0,2013.0,PJ,09554036000191,ARGILA,MG,3157005,SALINAS,986,t  ,"365,44",2025-01-13 08:49:00
2025,1,830796.0,2013.0,PJ,09554036000191,ARGILA,MG,3157005,SALINAS,522,t  ,"166,47",2025-01-13 09:29:00
2025,1,833611.0,2013.0,PJ,09554036000191,ARGILA,MG,3157005,SALINAS,1044,t  ,"370,01",2025-01-13 09:13:00
2025,1,833612.0,2013.0,PJ,09554036000191,ARGILA,MG,3157005,SALINAS,1218,t  ,"453,26",2025-01-13 08:48:00
2025,1,833611.0,2013.0,PJ,09554036000191,ARGILA,MG,3157005,SALINAS,522,t  ,"166,47",2025-01-13 09:14:00
2025,1,833612.0,2013.0,PJ,09554036000191,ARGILA,MG,3157005,SALINAS,783,t  ,"296,51",2025-01-13 08:46:00
2025,1,833612.0,2013.0,PJ,09554036000191,ARGILA,MG,3157005,SALINAS,1044,t  ,"398,77",2025-01-13 08:45:00
2025,1,833611.0,2013.0,PJ,09554036000191,ARGILA,MG,3157005,SALINAS,1160,t  ,"349,18",2025-01-13 09:15:00
2025,1,830796.0,2013.0,PJ,09554036000191,ARGILA,MG,3157005,SALINAS,986,t  ,"365,44",2025-01-13 09:27:00
2025,1,830796.0,2013.0,PJ,09554036000191,ARGILA,MG,3157005,SALINAS,1044,t  ,"407,95",2025-01-13 09:20:00
2025,1,830796.0,2013.0,PJ,09554036000191,ARGILA,MG,3157005,SALINAS,754,t  ,"282,98",2025-01-13 09:25:00
2025,1,830796.0,2013.0,PJ,09554036000191,ARGILA,MG,3157005,SALINAS,1102,t  ,"422,79",2025-01-13 09:22:00
2025,1,833612.0,2013.0,PJ,09554036000191,ARGILA,MG,3157005,SALINAS,406,t  ,"156,66",2025-01-13 08:43:00
2025,1,833804.0,2008.0,PJ,25897802000177,ARGILA,MG,3169703,TURMALINA,550,t  ,"82,5",2025-01-15 12:47:00
2025,1,830337.0,1979.0,PJ,18702175000106,QUARTZO,MG,3103405,ARAÇUAÍ,27000,kg ,270,2025-01-16 14:31:00
2025,1,831922.0,2005.0,PJ,01902521000105,ARGILA REFRATÁRIA,MG,3169703,TURMALINA,1800,t  ,72,2025-01-06 12:37:00
2025,1,830893.0,2013.0,PJ,22108450000135,GNAISSE,MG,3157005,SALINAS,"8183,44",m3 ,"4428,94",2025-01-20 10:39:00
2025,1,834323.0,2007.0,PJ,48219870000182,GRANITO,MG,3156502,RUBELITA,"524,12",t  ,"23411,19",2025-01-24 10:36:00
2025,1,830924.0,2015.0,PF,***046805**,AREIA,MG,3169703,TURMALINA,"1387,47",t  ,"600,82",2025-01-31 13:09:00
2025,1,830011.0,2007.0,PJ,00968624000105,GRANITO,MG,3141405,MEDINA,"13,57",m3 ,"65,45",2025-01-28 09:08:00
2025,1,830185.0,2010.0,PJ,04180718000168,GRANITO,MG,3156502,RUBELITA,"22,8",m3 ,"838,64",2025-01-31 16:28:00
2025,1,831501.0,2003.0,PJ,04867725000132,XISTO,MG,3134004,ITINGA,"912,66",t  ,"10105,78",2025-01-30 17:25:00
2025,1,832854.0,2003.0,PJ,05591773000103,GRANITO,MG,3134004,ITINGA,"11,19",m3 ,"780,2",2025-01-21 08:37:00
2025,1,830195.0,2003.0,PJ,15783338000134,GRANITO,MG,3156502,RUBELITA,"148,08",m3 ,"3201,76",2025-01-31 10:19:00
2025,1,930078.0,1997.0,PJ,21228861000100,GRAFITA,MG,3148707,PEDRA AZUL,"286,82",t  ,"71142,12",2025-01-03 08:23:00
2025,1,807652.0,1973.0,PJ,21624671000101,ESPODUMÊNIO,MG,3134004,ITINGA,"1381,53",t  ,"72232,09",2025-01-28 15:36:00
2025,1,830269.0,1990.0,PJ,38564373000168,GRANITO,MG,3168606,TEÓFILO OTONI,"6469,33",t  ,"2920,16",2025-01-21 14:56:00
2025,1,831608.0,2002.0,PJ,39365754000180,GRANITO,MG,3134004,ITINGA,"79,87",m3 ,"960,62",2025-01-08 12:02:00
2025,1,830899.0,2017.0,PJ,39781309000100,GRANITO,MG,3169703,TURMALINA,"8572,66",t  ,"8431,68",2025-01-30 10:52:00
2025,2,831145.0,1998.0,PJ,25102005000156,ARGILA,MG,3168606,TEÓFILO OTONI,180,t  ,"70,8",2025-02-10 14:42:00
2025,2,831145.0,1998.0,PJ,25102005000156,ARGILA,MG,3168606,TEÓFILO OTONI,127,t  ,"73,9",2025-02-10 14:40:00
2025,2,830805.0,2017.0,PJ,25102005000156,ARGILA,MG,3168606,TEÓFILO OTONI,"273,06",t  ,"22,11",2025-02-20 08:50:00
2025,2,830805.0,2017.0,PJ,25102005000156,ARGILA,MG,3168606,TEÓFILO OTONI,118,t  ,"91,58",2025-02-20 08:58:00
2025,2,830805.0,2017.0,PJ,25102005000156,ARGILA,MG,3168606,TEÓFILO OTONI,80,t  ,"65,26",2025-02-20 08:57:00
2025,2,830805.0,2017.0,PJ,25102005000156,ARGILA,MG,3168606,TEÓFILO OTONI,62,t  ,"53,14",2025-02-20 08:53:00
2025,2,832222.0,2012.0,PJ,21373593000101,GRANITO,MG,3119500,CORONEL MURTA,"154,39",t  ,"358,04",2025-02-24 13:49:00
2025,2,833804.0,2008.0,PJ,25897802000177,ARGILA,MG,3169703,TURMALINA,530,t  ,"79,5",2025-02-20 13:52:00
2025,2,831415.0,2004.0,PJ,42837484000178,GRANITO,MG,3103405,ARAÇUAÍ,"87,66",m3 ,"506,76",2025-02-13 16:00:00
2025,2,830846.0,2022.0,PJ,09029511000100,ARGILA,MG,3157005,SALINAS,445,t  ,"133,5",2025-02-20 13:56:00
2025,2,831424.0,2013.0,PJ,19296734000198,GRANITO,MG,3156502,RUBELITA,"23,29",m3 ,"1545,6",2025-02-24 11:24:00
2025,2,830924.0,2015.0,PF,***046805**,AREIA,MG,3169703,TURMALINA,"1145,77",t  ,"358,95",2025-02-28 12:17:00
2025,2,832358.0,2008.0,PJ,01902521000105,ARGILA,MG,3169703,TURMALINA,3780,t  ,"151,2",2025-02-05 13:45:00
2025,2,831587.0,1999.0,PJ,05284593000189,GRANITO,MG,3141405,MEDINA,"9,5",m3 ,"57,64",2025-02-26 08:46:00
2025,2,832854.0,2003.0,PJ,05591773000103,GRANITO,MG,3134004,ITINGA,"52,87",m3 ,"3716,84",2025-02-24 10:31:00
2025,2,930078.0,1997.0,PJ,21228861000100,GRAFITA,MG,3148707,PEDRA AZUL,"310,68",t  ,"79790,08",2025-02-12 14:23:00
2025,2,930078.0,1997.0,PJ,21228861000100,GRAFITA,MG,3148707,PEDRA AZUL,"1769,28",t  ,"180601,04",2025-02-12 14:20:00
2025,2,807652.0,1973.0,PJ,21624671000101,ESPODUMÊNIO,MG,3134004,ITINGA,"4391,11",t  ,"338966,47",2025-02-24 09:13:00
2025,2,831608.0,2002.0,PJ,39365754000180,GRANITO,MG,3134004,ITINGA,"80,44",m3 ,"1740,75",2025-02-24 16:37:00
2025,2,830899.0,2017.0,PJ,39781309000100,GRANITO,MG,3169703,TURMALINA,"7913,74",t  ,"8873,08",2025-02-27 14:29:00
2025,2,831138.0,2009.0,PJ,40716777000171,AREIA,MG,3156502,RUBELITA,"390,4",t  ,"157,9",2025-02-05 16:41:00
2025,2,832119.0,1986.0,PJ,42794263000160,FELDSPATO,MG,3157005,SALINAS,"92,4",m3 ,"5596,97",2025-02-28 17:21:00
2025,2,830367.0,2015.0,PJ,43215619000126,AREIA,MG,3133303,ITAOBIM,1296,t  ,"465,8",2025-02-05 07:31:00
2025,3,831501.0,2003.0,PJ,04867725000132,XISTO,MG,3134004,ITINGA,"1220,63",t  ,"16682,98",2025-03-06 16:53:00
2025,3,832033.0,2009.0,PJ,11430465000107,AREIA,MG,3103405,ARAÇUAÍ,"109,2",t  ,"33,54",2025-03-11 14:08:00
2025,3,835006.0,2010.0,PJ,04392500000177,AREIA,MG,3103405,ARAÇUAÍ,"21,19",t  ,"102,33",2025-03-13 13:19:00
2025,3,835006.0,2010.0,PJ,04392500000177,AREIA,MG,3103405,ARAÇUAÍ,793,t  ,"398,63",2025-03-13 13:22:00
2025,3,835006.0,2010.0,PJ,04392500000177,AREIA,MG,3103405,ARAÇUAÍ,"21,19",t  ,"125,37",2025-03-13 13:21:00
2025,3,835006.0,2010.0,PJ,04392500000177,AREIA,MG,3103405,ARAÇUAÍ,"6,24",t  ,"25,61",2025-03-13 13:25:00
2025,3,835006.0,2010.0,PJ,04392500000177,AREIA,MG,3103405,ARAÇUAÍ,793,t  ,"398,63",2025-03-13 13:22:00
2025,3,835006.0,2010.0,PJ,04392500000177,MINÉRIO DE OURO,MG,3103405,ARAÇUAÍ,"0,65",kg ,"4920,66",2025-03-13 13:28:00
2025,3,835006.0,2010.0,PJ,04392500000177,MINÉRIO DE OURO,MG,3103405,ARAÇUAÍ,"0,88",kg ,"7487,39",2025-03-13 13:32:00
2025,3,835006.0,2010.0,PJ,04392500000177,MINÉRIO DE OURO,MG,3103405,ARAÇUAÍ,"0,43",kg ,"3484,67",2025-03-13 13:35:00
2025,3,835006.0,2010.0,PJ,04392500000177,MINÉRIO DE OURO,MG,3103405,ARAÇUAÍ,"1,26",kg ,"10008,15",2025-03-13 13:29:00
2025,3,835006.0,2010.0,PJ,04392500000177,MINÉRIO DE OURO,MG,3103405,ARAÇUAÍ,"0,73",kg ,"6077,5",2025-03-13 13:31:00
2025,3,835006.0,2010.0,PJ,04392500000177,MINÉRIO DE OURO,MG,3103405,ARAÇUAÍ,"0,55",kg ,"4722,88",2025-03-13 13:34:00
2025,3,832119.0,1986.0,PJ,42794263000160,FELDSPATO,MG,3157005,SALINAS,"12,77",m3 ,"1408,14",2025-03-14 10:55:00
2025,3,833804.0,2008.0,PJ,25897802000177,ARGILA,MG,3169703,TURMALINA,500,t  ,75,2025-03-17 12:50:00
2025,3,830361.0,2023.0,PJ,03478696000154,AREIA,MG,3168606,TEÓFILO OTONI,"501,84",t  ,"208,73",2025-03-12 16:12:00
2025,3,831946.0,2014.0,PJ,27274085000152,QUARTZO,MG,3157005,SALINAS,1928,t  ,"4778,28",2025-03-19 10:11:00
2025,3,833857.0,2011.0,PJ,12294384000181,GRANITO,MG,3168606,TEÓFILO OTONI,"55,02",m3 ,"2359,57",2025-03-21 14:44:00
2025,3,830924.0,2015.0,PF,***046805**,AREIA,MG,3169703,TURMALINA,"641,79",t  ,"630,35",2025-03-31 15:31:00
2025,3,830011.0,2007.0,PJ,00968624000105,GRANITO,MG,3141405,MEDINA,"48,31",m3 ,"120,93",2025-03-25 10:22:00
2025,3,832854.0,2003.0,PJ,05591773000103,GRANITO,MG,3134004,ITINGA,"54,29",m3 ,"3567,37",2025-03-28 11:52:00
2025,3,832779.0,2010.0,PJ,05591773000103,GRANITO,MG,3156502,RUBELITA,"42,35",m3 ,"2694,92",2025-03-28 11:59:00
2025,3,832578.0,2012.0,PJ,09094556000169,GRANITO,MG,3119500,CORONEL MURTA,"58,98",m3 ,"611,12",2025-03-14 15:53:00
2025,3,831158.0,2021.0,PJ,12472865000130,QUARTZITO,MG,3157005,SALINAS,"30,11",m3 ,"4614,64",2025-03-12 22:05:00
2025,3,830337.0,1979.0,PJ,18702175000106,QUARTZO,MG,3103405,ARAÇUAÍ,27000,kg ,324,2025-03-08 07:43:00
2025,3,930078.0,1997.0,PJ,21228861000100,GRAFITA,MG,3148707,PEDRA AZUL,"2922,12",t  ,"323785,77",2025-03-10 09:17:00
2025,3,807652.0,1973.0,PJ,21624671000101,ESPODUMÊNIO,MG,3134004,ITINGA,"808,83",t  ,"35541,05",2025-03-27 08:05:00
2025,3,830770.0,2012.0,PJ,25897802000177,ARGILA,MG,3141801,MINAS NOVAS,450,t  ,"67,5",2025-03-17 12:46:00
2025,3,830367.0,2015.0,PJ,43215619000126,AREIA,MG,3133303,ITAOBIM,511,t  ,237,2025-03-12 11:38:00
2025,4,831459.0,1986.0,PJ,71333736000120,GRANITO,MG,3141405,MEDINA,"328,57",m3 ,"1971,44",2025-04-11 14:57:00
2025,4,832578.0,2012.0,PJ,09094556000169,GRANITO,MG,3119500,CORONEL MURTA,"31,18",m3 ,"322,35",2025-04-15 13:30:00
2025,4,833857.0,2011.0,PJ,12294384000181,GRANITO,MG,3168606,TEÓFILO OTONI,"31,35",m3 ,"1344,54",2025-04-02 10:09:00
2025,4,831158.0,2021.0,PJ,12472865000130,QUARTZITO,MG,3157005,SALINAS,"11,73",m3 ,"1435,45",2025-04-10 11:33:00
2025,4,831431.0,2013.0,PJ,17881680000100,GRANITO,MG,3103405,ARAÇUAÍ,"105,46",m3 ,"328,94",2025-04-11 10:07:00
2025,4,830924.0,2015.0,PF,***046805**,AREIA,MG,3169703,TURMALINA,"354,13",t  ,"345,01",2025-04-30 14:52:00
2025,4,830361.0,2023.0,PJ,03478696000154,AREIA,MG,3168606,TEÓFILO OTONI,"541,2",t  ,"181,71",2025-04-09 09:05:00
2025,4,832854.0,2003.0,PJ,05591773000103,GRANITO,MG,3134004,ITINGA,"77,45",m3 ,"5338,07",2025-04-25 17:21:00
2025,4,832779.0,2010.0,PJ,05591773000103,GRANITO,MG,3156502,RUBELITA,"42,52",m3 ,"2723,3",2025-04-25 17:28:00
2025,4,832249.0,2021.0,PJ,06351297000116,AREIA,MG,3169703,TURMALINA,"149,5",t  ,"71,7",2025-04-16 14:22:00
2025,4,830515.0,2018.0,PJ,08701276000109,AREIA,MG,3171600,VIRGEM DA LAPA,"118,4",t  ,"38,09",2025-04-30 11:05:00
2025,4,930078.0,1997.0,PJ,21228861000100,GRAFITA,MG,3148707,PEDRA AZUL,"430,66",t  ,"115066,43",2025-04-04 08:41:00
2025,4,930078.0,1997.0,PJ,21228861000100,GRAFITA,MG,3148707,PEDRA AZUL,"2493,19",t  ,"270343,03",2025-04-04 08:38:00
2025,4,807652.0,1973.0,PJ,21624671000101,ESPODUMÊNIO,MG,3134004,ITINGA,"2590,81",t  ,"185711,74",2025-04-26 08:15:00
2025,4,832983.0,2011.0,PJ,25482167000167,ARGILA,MG,3169703,TURMALINA,7200,t  ,288,2025-04-07 07:41:00
2025,4,833804.0,2008.0,PJ,25897802000177,ARGILA,MG,3169703,TURMALINA,520,t  ,78,2025-04-16 09:11:00
2025,4,831608.0,2002.0,PJ,39365754000180,GRANITO,MG,3134004,ITINGA,"75,12",m3 ,"1420,5",2025-04-25 15:27:00
2025,4,830899.0,2017.0,PJ,39781309000100,GRANITO,MG,3169703,TURMALINA,"10359,66",t  ,"11036,8",2025-04-28 10:41:00
2025,4,831415.0,2004.0,PJ,42837484000178,GRANITO,MG,3103405,ARAÇUAÍ,"50,99",m3 ,"294,78",2025-04-14 13:29:00
2025,4,830367.0,2015.0,PJ,43215619000126,AREIA,MG,3133303,ITAOBIM,1283,t  ,398,2025-04-09 10:07:00
2025,4,834323.0,2007.0,PJ,48219870000182,GRANITO,MG,3156502,RUBELITA,"453,19",t  ,"24545,72",2025-04-24 15:58:00
2025,5,830185.0,2010.0,PJ,04180718000168,GRANITO,MG,3156502,RUBELITA,"28,15",m3 ,"1139,89",2025-05-02 15:08:00
2025,5,831919.0,2017.0,PJ,42769956000100,MINÉRIO DE OURO,MG,3171600,VIRGEM DA LAPA,"134,59",g  ,"39,28",2025-05-05 16:37:00
2025,5,832033.0,2009.0,PJ,11430465000107,AREIA,MG,3103405,ARAÇUAÍ,500,t  ,"57,36",2025-05-07 13:24:00
2025,5,831501.0,2003.0,PJ,04867725000132,XISTO,MG,3134004,ITINGA,"274,59",t  ,"8123,47",2025-05-15 10:48:00
2025,5,803441.0,1974.0,PJ,05106351000103,FELDSPATO,MG,3134004,ITINGA,"0,33",t  ,"4,51",2025-05-15 11:03:00
2025,5,832169.0,1995.0,PJ,04867725000132,XISTO,MG,3134004,ITINGA,"0,01",t  ,"255,15",2025-05-16 12:12:00
2025,5,832179.0,1999.0,PJ,09466225000102,TURMALINA,MG,3119500,CORONEL MURTA,5700,kg ,"122,46",2025-05-16 09:37:00
2025,5,832179.0,1999.0,PJ,09466225000102,TURMALINA,MG,3119500,CORONEL MURTA,3500,kg ,"75,19",2025-05-16 09:33:00
2025,5,832119.0,1986.0,PJ,42794263000160,FELDSPATO,MG,3157005,SALINAS,"175,55",m3 ,"12643,63",2025-05-15 17:46:00
2025,5,833804.0,2008.0,PJ,25897802000177,ARGILA,MG,3169703,TURMALINA,380,t  ,57,2025-05-19 14:38:00
2025,5,831039.0,2012.0,PJ,10831894000115,AREIA,MG,3141801,MINAS NOVAS,"0,55",t  ,140,2025-05-13 09:48:00
2025,5,831459.0,1986.0,PJ,71333736000120,GRANITO,MG,3141405,MEDINA,"321,97",m3 ,"1932,01",2025-05-05 14:06:00
2025,5,832179.0,1999.0,PJ,09466225000102,TURMALINA,MG,3119500,CORONEL MURTA,4000,kg ,"80,34",2025-05-16 09:45:00
2025,5,832179.0,1999.0,PJ,09466225000102,TURMALINA,MG,3119500,CORONEL MURTA,27500,kg ,165,2025-05-16 12:23:00
2025,5,832179.0,1999.0,PJ,09466225000102,TURMALINA,MG,3119500,CORONEL MURTA,18192,kg ,"127,34",2025-05-16 10:19:00
2025,5,832179.0,1999.0,PJ,09466225000102,TURMALINA,MG,3119500,CORONEL MURTA,6000,kg ,120,2025-05-16 10:17:00
2025,5,832179.0,1999.0,PJ,09466225000102,TURMALINA,MG,3119500,CORONEL MURTA,12000,kg ,120,2025-05-16 12:17:00
2025,5,832179.0,1999.0,PJ,09466225000102,TURMALINA,MG,3119500,CORONEL MURTA,10,kg ,200,2025-05-16 10:06:00
2025,5,832179.0,1999.0,PJ,09466225000102,TURMALINA,MG,3119500,CORONEL MURTA,1000,kg ,150,2025-05-16 12:26:00
2025,5,831431.0,2013.0,PJ,17881680000100,GRANITO,MG,3103405,ARAÇUAÍ,"71,24",m3 ,"2342,52",2025-05-28 09:12:00
2025,5,831501.0,2003.0,PJ,04867725000132,XISTO,MG,3134004,ITINGA,"923,55",t  ,"11467,93",2025-05-16 15:48:00
2025,5,830924.0,2015.0,PF,***046805**,AREIA,MG,3169703,TURMALINA,"210,39",t  ,"205,46",2025-05-30 09:14:00
2025,5,830011.0,2007.0,PJ,00968624000105,GRANITO,MG,3141405,MEDINA,"87,76",m3 ,"285,13",2025-05-26 13:49:00
2025,5,830361.0,2023.0,PJ,03478696000154,AREIA,MG,3168606,TEÓFILO OTONI,"783,1",t  ,"265,64",2025-05-07 10:08:00
2025,5,830185.0,2010.0,PJ,04180718000168,GRANITO,MG,3156502,RUBELITA,"26,77",m3 ,"1164,47",2025-05-20 10:46:00
2025,5,830663.0,2003.0,PJ,05284593000189,GRANITO,MG,3157005,SALINAS,"25,27",m3 ,"117,03",2025-05-27 13:51:00
2025,5,832854.0,2003.0,PJ,05591773000103,GRANITO,MG,3134004,ITINGA,"118,41",m3 ,"8327,96",2025-05-23 10:43:00
2025,5,832779.0,2010.0,PJ,05591773000103,GRANITO,MG,3156502,RUBELITA,"41,45",m3 ,"2285,44",2025-05-23 15:38:00
2025,5,832578.0,2012.0,PJ,09094556000169,GRANITO,MG,3119500,CORONEL MURTA,"23,77",m3 ,"1888,74",2025-05-23 14:20:00
2025,5,930078.0,1997.0,PJ,21228861000100,GRAFITA,MG,3148707,PEDRA AZUL,"2224,12",t  ,"240127,09",2025-05-05 09:59:00
2025,5,832983.0,2011.0,PJ,25482167000167,ARGILA,MG,3169703,TURMALINA,4800,t  ,192,2025-05-13 07:25:00
2025,5,830360.0,2018.0,PJ,27828398000105,QUARTZO,MG,3134004,ITINGA,137640,kg ,"1333,84",2025-05-29 15:16:00
2025,5,830360.0,2018.0,PJ,27828398000105,QUARTZO,MG,3134004,ITINGA,"277,2",kg ,"164,26",2025-05-29 15:11:00
2025,5,830360.0,2018.0,PJ,27828398000105,TURMALINA,MG,3134004,ITINGA,210,kg ,"110,06",2025-05-30 16:18:00
2025,5,830899.0,2017.0,PJ,39781309000100,GRANITO,MG,3169703,TURMALINA,"7026,34",t  ,"7475,35",2025-05-28 15:31:00
2025,5,830490.0,2004.0,PJ,41519248000140,FELDSPATO,MG,3157005,SALINAS,"22,68",m3 ,"4035,65",2025-05-23 13:39:00
2025,6,832033.0,2009.0,PJ,11430465000107,AREIA,MG,3103405,ARAÇUAÍ,280,t  ,"75,12",2025-06-09 16:26:00
2025,6,831919.0,2017.0,PJ,42769956000100,MINÉRIO DE OURO,MG,3171600,VIRGEM DA LAPA,"210,3",g  ,"1709,91",2025-06-11 14:15:00
2025,6,833562.0,2013.0,PF,***157071**,CASCALHO,MG,3112307,CAPELINHA,5058,t  ,"536,76",2025-06-13 13:20:00
2025,6,831138.0,2009.0,PJ,40716777000171,AREIA,MG,3156502,RUBELITA,"2033,6",t  ,"995,72",2025-06-17 10:36:00
2025,6,831138.0,2009.0,PJ,40716777000171,AREIA,MG,3156502,RUBELITA,"1307,2",t  ,"514,48",2025-06-10 16:08:00
2025,6,830924.0,2015.0,PF,***046805**,AREIA,MG,3169703,TURMALINA,376,t  ,"307,28",2025-06-30 16:00:00
2025,6,831680.0,2012.0,PJ,01902521000105,ARGILA,MG,3169703,TURMALINA,6720,t  ,"268,8",2025-06-03 10:26:00
2025,6,831922.0,2005.0,PJ,01902521000105,ARGILA REFRATÁRIA,MG,3169703,TURMALINA,5810,t  ,"232,4",2025-06-03 10:22:00
2025,6,830361.0,2023.0,PJ,03478696000154,AREIA,MG,3168606,TEÓFILO OTONI,533,t  ,"209,41",2025-06-04 08:49:00
2025,6,831501.0,2003.0,PJ,04867725000132,XISTO,MG,3134004,ITINGA,"603,82",m3 ,"16298,9",2025-06-27 14:50:00
2025,6,831501.0,2003.0,PJ,04867725000132,XISTO,MG,3134004,ITINGA,"512,07",m3 ,"18317,13",2025-06-27 14:56:00
2025,6,803441.0,1974.0,PJ,05106351000103,FELDSPATO,MG,3134004,ITINGA,"4,48",m3 ,"234,7",2025-06-30 14:39:00
2025,6,830663.0,2003.0,PJ,05284593000189,GRANITO,MG,3157005,SALINAS,"21,96",m3 ,"106,35",2025-06-26 10:39:00
2025,6,832779.0,2010.0,PJ,05591773000103,GRANITO,MG,3156502,RUBELITA,"30,44",m3 ,"1910,21",2025-06-27 10:00:00
2025,6,832249.0,2021.0,PJ,06351297000116,AREIA,MG,3169703,TURMALINA,"216,08",t  ,"177,95",2025-06-10 14:42:00
2025,6,830515.0,2018.0,PJ,08701276000109,AREIA,MG,3171600,VIRGEM DA LAPA,"414,4",t  ,"102,56",2025-06-09 17:55:00
2025,6,831039.0,2012.0,PJ,10831894000115,AREIA,MG,3141801,MINAS NOVAS,"0,55",t  ,140,2025-06-06 16:20:00
2025,6,833857.0,2011.0,PJ,12294384000181,GRANITO,MG,3168606,TEÓFILO OTONI,"31,75",m3 ,"1361,48",2025-06-05 09:25:00
2025,6,831158.0,2021.0,PJ,12472865000130,QUARTZITO,MG,3157005,SALINAS,"67,51",m3 ,"8023,14",2025-06-10 16:15:00
2025,6,831431.0,2013.0,PJ,17881680000100,GRANITO,MG,3103405,ARAÇUAÍ,"74,44",m3 ,"1723,75",2025-06-23 15:08:00
2025,6,930078.0,1997.0,PJ,21228861000100,GRAFITA,MG,3148707,PEDRA AZUL,"2505,25",t  ,"272187,6",2025-06-02 10:14:00
2025,6,830893.0,2013.0,PJ,22108450000135,GNAISSE,MG,3157005,SALINAS,"11056,57",m3 ,"6268,83",2025-06-18 09:49:00
2025,6,830269.0,1990.0,PJ,38564373000168,GRANITO,MG,3168606,TEÓFILO OTONI,"6108,19",t  ,"2727,13",2025-06-24 09:09:00
2025,6,831608.0,2002.0,PJ,39365754000180,GRANITO,MG,3134004,ITINGA,"90,86",m3 ,"2199,55",2025-06-26 21:34:00
2025,6,830899.0,2017.0,PJ,39781309000100,GRANITO,MG,3169703,TURMALINA,"12782,72",t  ,"12958,36",2025-06-27 13:02:00
2025,6,834323.0,2007.0,PJ,48219870000182,GRANITO,MG,3156502,RUBELITA,"509,35",t  ,"29444,68",2025-06-24 16:01:00
2025,7,831919.0,2017.0,PJ,42769956000100,MINÉRIO DE OURO,MG,3171600,VIRGEM DA LAPA,"0,42",kg ,"3702,51",2025-07-01 16:22:00
2025,7,832119.0,1986.0,PJ,42794263000160,FELDSPATO,MG,3157005,SALINAS,"301,43",m3 ,"22236,32",2025-07-02 13:48:00
2025,7,831919.0,2017.0,PJ,42769956000100,MINÉRIO DE OURO,MG,3171600,VIRGEM DA LAPA,"705,6",g  ,"4949,74",2025-07-11 11:57:00
2025,7,831919.0,2017.0,PJ,42769956000100,MINÉRIO DE OURO,MG,3171600,VIRGEM DA LAPA,"647,55",g  ,"4185,43",2025-07-23 10:50:00
2025,7,833857.0,2011.0,PJ,12294384000181,GRANITO,MG,3168606,TEÓFILO OTONI,"29,07",m3 ,"1246,71",2025-07-09 15:47:00
2025,7,831680.0,2012.0,PJ,01902521000105,ARGILA,MG,3169703,TURMALINA,5280,t  ,"211,2",2025-07-04 08:38:00
2025,7,831415.0,2004.0,PJ,42837484000178,GRANITO,MG,3103405,ARAÇUAÍ,"288,78",m3 ,"1669,43",2025-07-14 14:35:00
2025,7,830011.0,2007.0,PJ,00968624000105,GRANITO,MG,3141405,MEDINA,"90,35",m3 ,"419,26",2025-07-21 15:43:00
2025,7,830361.0,2023.0,PJ,03478696000154,AREIA,MG,3168606,TEÓFILO OTONI,"565,8",t  ,"197,89",2025-07-03 09:24:00
2025,7,830185.0,2010.0,PJ,04180718000168,GRANITO,MG,3156502,RUBELITA,"31,87",m3 ,"1362,46",2025-07-09 10:33:00
2025,7,832779.0,2010.0,PJ,05591773000103,GRANITO,MG,3156502,RUBELITA,"95,51",m3 ,"5924,8",2025-07-23 10:30:00
2025,7,830515.0,2018.0,PJ,08701276000109,AREIA,MG,3171600,VIRGEM DA LAPA,"79,2",t  ,"51,12",2025-07-18 14:44:00
2025,7,832578.0,2012.0,PJ,09094556000169,GRANITO,MG,3119500,CORONEL MURTA,"173,96",m3 ,"1783,54",2025-07-16 17:29:00
2025,7,832179.0,1999.0,PJ,09466225000102,TURMALINA,MG,3119500,CORONEL MURTA,8690,kg ,"52,31",2025-07-30 08:55:00
2025,7,832179.0,1999.0,PJ,09466225000102,TURMALINA,MG,3119500,CORONEL MURTA,500,kg ,"50,16",2025-07-30 08:53:00
2025,7,831158.0,2021.0,PJ,12472865000130,QUARTZITO,MG,3157005,SALINAS,"70,53",m3 ,"10018,65",2025-07-08 14:42:00
2025,7,831431.0,2013.0,PJ,17881680000100,GRANITO,MG,3103405,ARAÇUAÍ,"91,72",m3 ,"1947,11",2025-07-08 16:46:00
2025,7,930078.0,1997.0,PJ,21228861000100,GRAFITA,MG,3148707,PEDRA AZUL,"2243,12",t  ,"245041,51",2025-07-02 15:15:00
2025,7,930078.0,1997.0,PJ,21228861000100,GRAFITA,MG,3148707,PEDRA AZUL,"336,55",t  ,"80922,75",2025-07-02 15:18:00
2025,7,830269.0,1990.0,PJ,38564373000168,GRANITO,MG,3168606,TEÓFILO OTONI,"8906,71",t  ,"4792,55",2025-07-21 10:02:00
2025,7,830899.0,2017.0,PJ,39781309000100,GRANITO,MG,3169703,TURMALINA,"5917,45",t  ,"6705,15",2025-07-28 08:32:00
2025,7,834323.0,2007.0,PJ,48219870000182,GRANITO,MG,3156502,RUBELITA,"480,86",t  ,"24287,23",2025-07-11 14:37:00
2025,7,831138.0,2009.0,PJ,52245598000182,AREIA,MG,3156502,RUBELITA,881,t  ,"405,39",2025-07-04 10:51:00
2025,8,830337.0,1979.0,PJ,18702175000106,QUARTZO,MG,3103405,ARAÇUAÍ,27900,kg ,"1634,38",2025-08-01 16:33:00
2025,8,807652.0,1973.0,PJ,21624671000101,ESPODUMÊNIO,MG,3134004,ITINGA,"1611,32",t  ,"83306,25",2025-08-01 07:33:00
2025,8,833804.0,2008.0,PJ,25897802000177,ARGILA,MG,3169703,TURMALINA,600,t  ,90,2025-08-01 14:19:00
2025,8,831922.0,2005.0,PJ,01902521000105,ARGILA REFRATÁRIA,MG,3169703,TURMALINA,1480,t  ,"59,2",2025-08-05 16:05:00
2025,8,832119.0,1986.0,PJ,42794263000160,FELDSPATO,MG,3157005,SALINAS,"312,77",m3 ,"15646,6",2025-08-18 16:26:00
2025,8,831039.0,2012.0,PJ,10831894000115,AREIA,MG,3141801,MINAS NOVAS,"0,55",t  ,140,2025-08-05 16:53:00
2025,8,830846.0,2022.0,PJ,09029511000100,ARGILA,MG,3157005,SALINAS,615,t  ,"184,5",2025-08-08 09:42:00
2025,8,831431.0,2013.0,PJ,17881680000100,GRANITO,MG,3103405,ARAÇUAÍ,"55,54",m3 ,"874,27",2025-08-25 12:28:00
2025,8,831919.0,2017.0,PJ,42769956000100,MINÉRIO DE OURO,MG,3171600,VIRGEM DA LAPA,"915,8",g  ,"8492,69",2025-08-08 10:37:00
2025,8,833857.0,2011.0,PJ,12294384000181,GRANITO,MG,3168606,TEÓFILO OTONI,"57,92",m3 ,"2484,16",2025-08-11 10:57:00
2025,8,831158.0,2021.0,PJ,12472865000130,QUARTZITO,MG,3157005,SALINAS,"56,34",m3 ,"7626,22",2025-08-14 14:49:00
2025,8,830924.0,2015.0,PF,***046805**,AREIA,MG,3169703,TURMALINA,48,t  ,"52,29",2025-08-29 18:33:00
2025,8,833562.0,2013.0,PF,***157071**,CASCALHO,MG,3112307,CAPELINHA,2284,t  ,"411,12",2025-08-11 15:49:00
2025,8,830515.0,2018.0,PJ,08701276000109,AREIA,MG,3171600,VIRGEM DA LAPA,"310,4",t  ,"205,65",2025-08-14 14:26:00
2025,8,930078.0,1997.0,PJ,21228861000100,GRAFITA,MG,3148707,PEDRA AZUL,"2546,48",t  ,"280547,97",2025-08-01 15:44:00
2025,8,830269.0,1990.0,PJ,38564373000168,GRANITO,MG,3168606,TEÓFILO OTONI,"5818,85",t  ,"3115,79",2025-08-11 21:09:00
2025,8,834323.0,2007.0,PJ,48219870000182,GRANITO,MG,3156502,RUBELITA,"586,43",t  ,"30916,13",2025-08-28 16:47:00
2025,9,832033.0,2009.0,PJ,11430465000107,AREIA,MG,3103405,ARAÇUAÍ,"2,8",t  ,"114,38",2025-09-01 14:31:00
2025,9,832119.0,1986.0,PJ,42794263000160,FELDSPATO,MG,3157005,SALINAS,"158,94",m3 ,"10323,85",2025-09-03 15:09:00
2025,9,831946.0,2014.0,PJ,27274085000152,QUARTZO,MG,3157005,SALINAS,1,t  ,"196,35",2025-09-17 08:37:00
2025,9,831919.0,2017.0,PJ,42769956000100,MINÉRIO DE OURO,MG,3171600,VIRGEM DA LAPA,"114,9",g  ,"1117,72",2025-09-24 15:11:00
2025,9,831919.0,2017.0,PJ,42769956000100,MINÉRIO DE OURO,MG,3171600,VIRGEM DA LAPA,114,g  ,"1125,19",2025-09-24 15:13:00
2025,9,831919.0,2017.0,PJ,42769956000100,MINÉRIO DE OURO,MG,3171600,VIRGEM DA LAPA,"134,5",g  ,"1340,47",2025-09-24 15:15:00
2025,9,831431.0,2013.0,PJ,17881680000100,GRANITO,MG,3103405,ARAÇUAÍ,"17,74",m3 ,"148,51",2025-09-22 16:26:00
2025,9,832100.0,2006.0,PJ,03087551000122,GNAISSE,MG,3168606,TEÓFILO OTONI,"35177,6",t  ,"18995,69",2025-09-18 15:37:00
2025,9,830893.0,2013.0,PJ,22108450000135,GNAISSE,MG,3157005,SALINAS,"5928,99",m3 ,"3537,62",2025-09-19 09:27:00
2025,9,830361.0,2023.0,PJ,03478696000154,AREIA,MG,3168606,TEÓFILO OTONI,"583,84",t  ,"225,19",2025-09-10 07:47:00
2025,9,831501.0,2003.0,PJ,04867725000132,XISTO,MG,3134004,ITINGA,"444,81",m3 ,"19941,32",2025-09-29 17:32:00
2025,9,803441.0,1974.0,PJ,05106351000103,FELDSPATO,MG,3134004,ITINGA,"17,45",t  ,"50,53",2025-09-29 16:55:00
2025,9,832249.0,2021.0,PJ,06351297000116,AREIA,MG,3169703,TURMALINA,"623,27",t  ,"330,24",2025-09-12 08:55:00
2025,9,831158.0,2021.0,PJ,12472865000130,QUARTZITO,MG,3157005,SALINAS,"102,99",m3 ,"14455,92",2025-09-12 16:58:00
2025,9,930078.0,1997.0,PJ,21228861000100,GRAFITA,MG,3148707,PEDRA AZUL,"445,58",t  ,"94417,98",2025-09-02 10:25:00
2025,9,833804.0,2008.0,PJ,25897802000177,ARGILA,MG,3169703,TURMALINA,350,t  ,"52,5",2025-09-09 13:55:00
2025,9,831415.0,2004.0,PJ,42837484000178,GRANITO,MG,3103405,ARAÇUAÍ,"371,42",m3 ,"2147,16",2025-09-17 14:11:00
2025,9,830367.0,2015.0,PJ,43215619000126,AREIA,MG,3133303,ITAOBIM,"1283,8",t  ,554,2025-09-08 10:24:00
2025,9,834323.0,2007.0,PJ,48219870000182,GRANITO,MG,3156502,RUBELITA,"577,47",t  ,"27645,63",2025-09-29 14:43:00
2025,10,832119.0,1986.0,PJ,42794263000160,FELDSPATO,MG,3157005,SALINAS,"394,48",m3 ,"24669,08",2025-10-01 13:38:00
2025,10,832119.0,1986.0,PJ,42794263000160,FELDSPATO,MG,3157005,SALINAS,"220,5",t  ,"336,93",2025-10-01 13:59:00
2025,10,832033.0,2009.0,PJ,11430465000107,AREIA,MG,3103405,ARAÇUAÍ,350,t  ,"48,16",2025-10-01 18:02:00
2025,10,831919.0,2017.0,PJ,42769956000100,MINÉRIO DE OURO,MG,3171600,VIRGEM DA LAPA,"210,3",g  ,"2136,19",2025-10-10 10:49:00
2025,10,831919.0,2017.0,PJ,42769956000100,MINÉRIO DE OURO,MG,3171600,VIRGEM DA LAPA,"452,2",g  ,"3313,19",2025-10-10 10:40:00
2025,10,831039.0,2012.0,PJ,10831894000115,AREIA,MG,3141801,MINAS NOVAS,"0,99",t  ,"260,75",2025-10-07 13:50:00
2025,10,830805.0,2017.0,PJ,25102005000156,ARGILA,MG,3168606,TEÓFILO OTONI,"160,05",t  ,"60,62",2025-10-20 09:34:00
2025,10,830805.0,2017.0,PJ,25102005000156,ARGILA,MG,3168606,TEÓFILO OTONI,85,t  ,"42,37",2025-10-20 10:38:00
2025,10,830805.0,2017.0,PJ,25102005000156,ARGILA,MG,3168606,TEÓFILO OTONI,178,t  ,"94,52",2025-10-20 10:42:00
2025,10,830805.0,2017.0,PJ,25102005000156,ARGILA,MG,3168606,TEÓFILO OTONI,87,t  ,"38,83",2025-10-20 10:28:00
2025,10,830805.0,2017.0,PJ,25102005000156,ARGILA,MG,3168606,TEÓFILO OTONI,148,t  ,"70,68",2025-10-20 10:30:00
2025,10,830770.0,2012.0,PJ,25897802000177,ARGILA,MG,3141801,MINAS NOVAS,150,t  ,"22,5",2025-10-21 10:09:00
2025,10,833804.0,2008.0,PJ,25897802000177,ARGILA,MG,3169703,TURMALINA,250,t  ,"37,5",2025-10-21 10:07:00
2025,10,831424.0,2013.0,PJ,19296734000198,GRANITO,MG,3156502,RUBELITA,"9,75",m3 ,"264,51",2025-10-16 17:06:00
2025,10,830893.0,2013.0,PJ,22108450000135,GNAISSE,MG,3157005,SALINAS,"19310,62",m3 ,"12359,51",2025-10-22 09:40:00
2025,10,831919.0,2017.0,PJ,42769956000100,MINÉRIO DE OURO,MG,3171600,VIRGEM DA LAPA,"281,5",g  ,"2464,96",2025-10-28 10:00:00
2025,10,831919.0,2017.0,PJ,42769956000100,MINÉRIO DE OURO,MG,3171600,VIRGEM DA LAPA,"143,8",g  ,"1402,4",2025-10-28 10:03:00
2025,10,831501.0,2003.0,PJ,04867725000132,XISTO,MG,3134004,ITINGA,"665,53",m3 ,"21307,37",2025-10-27 16:42:00
2025,10,830337.0,1979.0,PJ,18702175000106,QUARTZO,MG,3103405,ARAÇUAÍ,68000,kg ,"2488,27",2025-10-29 16:27:00
2025,10,831415.0,2004.0,PJ,42837484000178,GRANITO,MG,3103405,ARAÇUAÍ,"384,38",m3 ,"2222,1",2025-10-13 15:31:00
2025,10,803441.0,1974.0,PJ,05106351000103,FELDSPATO,MG,3134004,ITINGA,"45,41",m3 ,"79,21",2025-10-29 15:04:00
2025,10,833956.0,2012.0,PJ,07956583000178,GNAISSE,MG,3139201,MALACACHETA,"20,34",m3 ,"518,85",2025-10-30 13:28:00
2025,10,830846.0,2022.0,PJ,09029511000100,ARGILA,MG,3157005,SALINAS,630,t  ,189,2025-10-03 07:53:00
2025,10,831158.0,2021.0,PJ,12472865000130,QUARTZITO,MG,3157005,SALINAS,"10,13",m3 ,"269,38",2025-10-15 08:26:00
2025,10,830361.0,2023.0,PJ,03478696000154,AREIA,MG,3168606,TEÓFILO OTONI,"504,3",t  ,"205,5",2025-10-07 08:59:00
2025,10,830515.0,2018.0,PJ,08701276000109,AREIA,MG,3171600,VIRGEM DA LAPA,"747,2",t  ,"309,87",2025-10-28 08:45:00
2025,10,832578.0,2012.0,PJ,09094556000169,GRANITO,MG,3119500,CORONEL MURTA,"19,67",m3 ,"201,29",2025-10-22 11:12:00
2025,10,930078.0,1997.0,PJ,21228861000100,GRAFITA,MG,3148707,PEDRA AZUL,"354,46",t  ,"67497,81",2025-10-01 09:41:00
2025,10,930078.0,1997.0,PJ,21228861000100,GRAFITA,MG,3148707,PEDRA AZUL,"3835,82",t  ,"440217,35",2025-10-01 09:37:00
2025,10,807652.0,1973.0,PJ,21624671000101,ESPODUMÊNIO,MG,3134004,ITINGA,"878,82",t  ,"29154,06",2025-10-27 07:38:00
2025,10,830269.0,1990.0,PJ,38564373000168,GRANITO,MG,3168606,TEÓFILO OTONI,"8506,48",t  ,"4333,08",2025-10-16 09:53:00
2025,10,830367.0,2015.0,PJ,43215619000126,AREIA,MG,3133303,ITAOBIM,"654,5",t  ,225,2025-10-07 11:22:00
2025,10,834323.0,2007.0,PJ,48219870000182,GRANITO,MG,3156502,RUBELITA,"656,15",t  ,"39425,98",2025-10-27 11:33:00
2025,10,831138.0,2009.0,PJ,52245598000182,AREIA,MG,3156502,RUBELITA,832,kg ,"1189,82",2025-10-23 07:42:00
2025,11,832358.0,2008.0,PJ,01902521000105,ARGILA,MG,3169703,TURMALINA,230,t  ,"11,78",2025-11-07 13:20:00
2025,11,830770.0,2012.0,PJ,25897802000177,ARGILA,MG,3141801,MINAS NOVAS,230,t  ,"34,5",2025-11-21 09:43:00
2025,11,833804.0,2008.0,PJ,25897802000177,ARGILA,MG,3169703,TURMALINA,300,t  ,45,2025-11-21 09:45:00
2025,11,831501.0,2003.0,PJ,04867725000132,XISTO,MG,3134004,ITINGA,"1097,82",m3 ,"25516,78",2025-11-27 14:05:00
2025,11,831158.0,2021.0,PJ,12472865000130,QUARTZITO,MG,3157005,SALINAS,"27,8",m3 ,"3221,1",2025-11-13 08:57:00
2025,11,830360.0,2018.0,PJ,27828398000105,FELDSPATO,MG,3134004,ITINGA,112,kg ,"3,86",2025-11-24 15:06:00
2025,11,830360.0,2018.0,PJ,27828398000105,QUARTZO,MG,3134004,ITINGA,2282,kg ,"210,44",2025-11-24 15:02:00
2025,11,830360.0,2018.0,PJ,27828398000105,TURMALINA,MG,3134004,ITINGA,2694,kg ,"268,41",2025-11-24 15:03:00
2025,11,832100.0,2006.0,PJ,03087551000122,GNAISSE,MG,3168606,TEÓFILO OTONI,"15361,82",t  ,"225,86",2025-11-09 12:22:00
2025,11,832854.0,2003.0,PJ,05591773000103,GRANITO,MG,3134004,ITINGA,"33,64",m3 ,"2555,12",2025-11-20 10:57:00
2025,11,832249.0,2021.0,PJ,06351297000116,AREIA,MG,3169703,TURMALINA,"729,81",t  ,"457,9",2025-11-10 15:56:00
2025,11,832041.0,2011.0,PJ,19296734000198,FELDSPATO,MG,3156502,RUBELITA,"113,8",t  ,"2008,49",2025-11-27 10:53:00
2025,11,930078.0,1997.0,PJ,21228861000100,GRAFITA,MG,3148707,PEDRA AZUL,"408,34",t  ,"82425,55",2025-11-03 15:57:00
2025,11,830269.0,1990.0,PJ,38564373000168,GRANITO,MG,3168606,TEÓFILO OTONI,"10453,73",t  ,"5168,59",2025-11-28 08:52:00
2025,11,830899.0,2017.0,PJ,39781309000100,GRANITO,MG,3169703,TURMALINA,"10436,58",t  ,"10267,13",2025-11-26 16:14:00
2025,11,831415.0,2004.0,PJ,42837484000178,GRANITO,MG,3103405,ARAÇUAÍ,"141,49",m3 ,"681,65",2025-11-18 09:09:00
2025,11,830367.0,2015.0,PJ,43215619000126,AREIA,MG,3133303,ITAOBIM,"1481,2",t  ,893,2025-11-03 07:32:00
2025,11,834323.0,2007.0,PJ,48219870000182,GRANITO,MG,3156502,RUBELITA,"549,6",t  ,"26252,73",2025-11-26 08:01:00
2025,12,832119.0,1986.0,PJ,42794263000160,FELDSPATO,MG,3157005,SALINAS,"369,26",m3 ,"33641,67",2025-12-04 20:06:00
2025,12,832329.0,2009.0,PJ,47619888000109,AREIA,MG,3156502,RUBELITA,"510,4",t  ,"184,69",2025-12-10 11:24:00
2025,12,832329.0,2009.0,PJ,47619888000109,AREIA,MG,3156502,RUBELITA,"278,4",t  ,"152,94",2025-12-10 09:20:00
2025,12,832329.0,2009.0,PJ,47619888000109,AREIA,MG,3156502,RUBELITA,384,t  ,"137,53",2025-12-10 09:21:00
2025,12,832329.0,2009.0,PJ,47619888000109,AREIA,MG,3156502,RUBELITA,"425,6",t  ,"103,84",2025-12-10 09:26:00
2025,12,830770.0,2012.0,PJ,25897802000177,ARGILA,MG,3141801,MINAS NOVAS,180,t  ,27,2025-12-10 10:22:00
2025,12,833804.0,2008.0,PJ,25897802000177,ARGILA,MG,3169703,TURMALINA,230,t  ,"34,5",2025-12-10 10:27:00
2025,12,832033.0,2009.0,PJ,11430465000107,AREIA,MG,3103405,ARAÇUAÍ,"3054,8",t  ,"641,86",2025-12-03 10:49:00
2025,12,833857.0,2011.0,PJ,12294384000181,GRANITO,MG,3168606,TEÓFILO OTONI,"51,78",m3 ,"2220,91",2025-12-10 10:19:00
2025,12,831039.0,2012.0,PJ,10831894000115,AREIA,MG,3141801,MINAS NOVAS,300,t  ,"137,23",2025-12-09 11:43:00
2025,12,833597.0,2006.0,PJ,01969976000130,AREIA,MG,3168606,TEÓFILO OTONI,247,t  ,"497,06",2025-12-29 16:01:00
2025,12,833597.0,2006.0,PJ,01969976000130,AREIA,MG,3168606,TEÓFILO OTONI,"162,5",t  ,"183,18",2025-12-29 15:58:00
2025,12,833597.0,2006.0,PJ,01969976000130,AREIA,MG,3168606,TEÓFILO OTONI,91,t  ,"63,28",2025-12-29 16:07:00
2025,12,833597.0,2006.0,PJ,01969976000130,AREIA,MG,3168606,TEÓFILO OTONI,"266,5",t  ,"332,53",2025-12-29 15:56:00
2025,12,833597.0,2006.0,PJ,01969976000130,AREIA,MG,3168606,TEÓFILO OTONI,"227,5",t  ,"695,6",2025-12-29 16:06:00
2025,12,833597.0,2006.0,PJ,01969976000130,AREIA,MG,3168606,TEÓFILO OTONI,429,t  ,"726,41",2025-12-29 16:08:00
2025,12,833597.0,2006.0,PJ,01969976000130,AREIA,MG,3168606,TEÓFILO OTONI,143,t  ,"128,22",2025-12-29 16:02:00
2025,12,830846.0,2022.0,PJ,09029511000100,ARGILA,MG,3157005,SALINAS,540,t  ,162,2025-12-03 11:22:00
2025,12,830796.0,2013.0,PJ,09554036000191,ARGILA,MG,3157005,SALINAS,696,t  ,"209,32",2025-12-29 15:45:00
2025,12,830796.0,2013.0,PJ,09554036000191,ARGILA,MG,3157005,SALINAS,870,t  ,"262,18",2025-12-29 15:43:00
2025,12,833612.0,2013.0,PJ,09554036000191,ARGILA,MG,3157005,SALINAS,870,t  ,"346,44",2025-12-29 15:54:00
2025,12,833612.0,2013.0,PJ,09554036000191,ARGILA,MG,3157005,SALINAS,464,t  ,"181,82",2025-12-29 15:55:00
2025,12,830796.0,2013.0,PJ,09554036000191,ARGILA,MG,3157005,SALINAS,812,t  ,"297,98",2025-12-29 15:42:00
2025,12,830796.0,2013.0,PJ,09554036000191,ARGILA,MG,3157005,SALINAS,870,t  ,"322,98",2025-12-29 15:41:00
2025,12,830796.0,2013.0,PJ,09554036000191,ARGILA,MG,3157005,SALINAS,870,t  ,"325,69",2025-12-29 15:40:00
2025,12,833612.0,2013.0,PJ,09554036000191,ARGILA,MG,3157005,SALINAS,464,t  ,"177,87",2025-12-29 15:56:00
2025,12,833611.0,2013.0,PJ,09554036000191,ARGILA,MG,3157005,SALINAS,887,t  ,"343,67",2025-12-29 16:27:00
2025,12,830796.0,2013.0,PJ,09554036000191,ARGILA,MG,3157005,SALINAS,696,t  ,"264,03",2025-12-29 15:38:00
2025,12,833612.0,2013.0,PJ,09554036000191,ARGILA,MG,3157005,SALINAS,870,t  ,"325,69",2025-12-29 15:58:00
2025,12,833611.0,2013.0,PJ,09554036000191,ARGILA,MG,3157005,SALINAS,464,t  ,"181,82",2025-12-29 16:27:00
2025,12,833612.0,2013.0,PJ,09554036000191,ARGILA,MG,3157005,SALINAS,870,t  ,"322,98",2025-12-29 15:59:00
2025,12,833611.0,2013.0,PJ,09554036000191,ARGILA,MG,3157005,SALINAS,464,t  ,"177,87",2025-12-29 16:44:00
2025,12,833612.0,2013.0,PJ,09554036000191,ARGILA,MG,3157005,SALINAS,812,t  ,"297,98",2025-12-29 16:00:00
2025,12,830796.0,2013.0,PJ,09554036000191,ARGILA,MG,3157005,SALINAS,887,t  ,"343,67",2025-12-29 15:36:00
2025,12,833611.0,2013.0,PJ,09554036000191,ARGILA,MG,3157005,SALINAS,696,t  ,"264,03",2025-12-29 16:45:00
2025,12,833611.0,2013.0,PJ,09554036000191,ARGILA,MG,3157005,SALINAS,1044,t  ,"349,7",2025-12-29 16:50:00
2025,12,833611.0,2013.0,PJ,09554036000191,ARGILA,MG,3157005,SALINAS,870,t  ,"262,18",2025-12-29 16:51:00
2025,12,833611.0,2013.0,PJ,09554036000191,ARGILA,MG,3157005,SALINAS,870,t  ,"322,98",2025-12-29 16:48:00
2025,12,830796.0,2013.0,PJ,09554036000191,ARGILA,MG,3157005,SALINAS,870,t  ,"346,44",2025-12-29 15:30:00
2025,12,833612.0,2013.0,PJ,09554036000191,ARGILA,MG,3157005,SALINAS,870,t  ,"262,18",2025-12-29 16:02:00
2025,12,833611.0,2013.0,PJ,09554036000191,ARGILA,MG,3157005,SALINAS,696,t  ,"209,32",2025-12-29 16:56:00
2025,12,833611.0,2013.0,PJ,09554036000191,ARGILA,MG,3157005,SALINAS,870,t  ,"325,69",2025-12-29 16:46:00
2025,12,830893.0,2013.0,PJ,22108450000135,GNAISSE,MG,3157005,SALINAS,"11182,97",m3 ,"6466,36",2025-12-22 14:41:00
2025,12,831608.0,2002.0,PJ,39365754000180,GRANITO,MG,3134004,ITINGA,"69,55",m3 ,"926,57",2025-12-11 11:41:00
2025,12,830003.0,2004.0,PJ,39365754000180,GRANITO,MG,3134004,ITINGA,"17,77",m3 ,"213,67",2025-12-11 11:44:00
2025,12,830515.0,2018.0,PJ,08701276000109,AREIA,MG,3171600,VIRGEM DA LAPA,"204,8",t  ,"56,06",2025-12-24 09:59:00
2025,12,831158.0,2021.0,PJ,12472865000130,QUARTZITO,MG,3157005,SALINAS,"16,09",m3 ,"1871,06",2025-12-23 14:34:00
2025,12,831424.0,2013.0,PJ,19296734000198,GRANITO,MG,3156502,RUBELITA,"204,68",t  ,"2264,19",2025-12-08 15:14:00
2025,12,834323.0,2007.0,PJ,48219870000182,GRANITO,MG,3156502,RUBELITA,"599,42",t  ,"27632,74",2025-12-08 16:06:00
2026,1,830367.0,2015.0,PJ,43215619000126,AREIA,MG,3133303,ITAOBIM,"805,8",t  ,410,2025-12-08 08:45:00
2026,1,832033.0,2009.0,PJ,11430465000107,AREIA,MG,3103405,ARAÇUAÍ,"229,6",t  ,"71,61",2026-01-05 14:19:00
2026,1,832786.0,2023.0,PJ,26649214000187,AREIA,MG,3157005,SALINAS,"1297,2",t  ,807,2026-01-14 09:44:00
2026,1,831138.0,2009.0,PJ,52245598000182,AREIA,MG,3156502,RUBELITA,804,t  ,"695,5",2026-01-21 07:55:00
2026,1,831138.0,2009.0,PJ,52245598000182,AREIA,MG,3156502,RUBELITA,1005,t  ,"713,35",2026-01-21 08:05:00
2026,1,833857.0,2011.0,PJ,12294384000181,GRANITO,MG,3168606,TEÓFILO OTONI,"11,41",m3 ,"489,27",2026-01-21 10:03:00
2026,1,831431.0,2013.0,PJ,17881680000100,GRANITO,MG,3103405,ARAÇUAÍ,"40,29",m3 ,"806,21",2026-01-22 14:24:00
2026,1,831431.0,2013.0,PJ,17881680000100,GRANITO,MG,3103405,ARAÇUAÍ,"15,35",m3 ,"185,17",2026-01-16 09:42:00
2026,1,830846.0,2022.0,PJ,09029511000100,ARGILA,MG,3157005,SALINAS,650,t  ,195,2026-01-16 14:17:00
2026,1,831052.0,2016.0,PJ,24363339000110,AREIA,MG,3168606,TEÓFILO OTONI,44,t  ,"52,43",2026-01-28 18:40:00
2026,1,831052.0,2016.0,PJ,24363339000110,AREIA,MG,3168606,TEÓFILO OTONI,95,t  ,"120,84",2026-01-28 18:51:00
2026,1,831052.0,2016.0,PJ,24363339000110,AREIA,MG,3168606,TEÓFILO OTONI,"167,5",t  ,"197,41",2026-01-29 10:06:00
2026,1,832100.0,2006.0,PJ,03087551000122,GNAISSE,MG,3168606,TEÓFILO OTONI,"7517,72",t  ,"112,77",2026-01-05 10:53:00
2026,1,830361.0,2023.0,PJ,03478696000154,AREIA,MG,3168606,TEÓFILO OTONI,"478,06",t  ,"189,91",2026-01-05 09:34:00
2026,1,832854.0,2003.0,PJ,05591773000103,GRANITO,MG,3134004,ITINGA,"32,99",m3 ,"2053,26",2026-01-23 10:38:00
2026,1,830515.0,2018.0,PJ,08701276000109,AREIA,MG,3171600,VIRGEM DA LAPA,"3,92",t  ,"169,18",2026-01-26 17:28:00
2026,1,834386.0,2010.0,PJ,13782187000174,AREIA,MG,3133303,ITAOBIM,960,t  ,"121,51",2026-01-30 13:52:00
2026,1,834386.0,2010.0,PJ,13782187000174,AREIA,MG,3133303,ITAOBIM,1300,t  ,"164,74",2026-01-30 13:53:00
2026,1,834386.0,2010.0,PJ,13782187000174,AREIA,MG,3133303,ITAOBIM,1650,t  ,"211,13",2026-01-30 14:13:00
2026,1,834386.0,2010.0,PJ,13782187000174,AREIA,MG,3133303,ITAOBIM,1550,t  ,"196,82",2026-01-30 14:14:00
2026,1,834386.0,2010.0,PJ,13782187000174,AREIA,MG,3133303,ITAOBIM,1600,t  ,"203,23",2026-01-30 14:15:00
2026,1,834386.0,2010.0,PJ,13782187000174,AREIA,MG,3133303,ITAOBIM,1700,t  ,"214,55",2026-01-30 14:15:00
2026,1,834386.0,2010.0,PJ,13782187000174,AREIA,MG,3133303,ITAOBIM,1800,t  ,"227,28",2026-01-30 14:16:00
2026,1,830195.0,2003.0,PJ,15783338000134,GRANITO,MG,3156502,RUBELITA,"33,57",m3 ,"734,96",2026-01-07 08:38:00
2026,1,831424.0,2013.0,PJ,19296734000198,GRANITO,MG,3156502,RUBELITA,"258,51",t  ,"3337,66",2026-01-26 16:20:00
2026,1,930078.0,1997.0,PJ,21228861000100,GRAFITA,MG,3148707,PEDRA AZUL,"1350,53",t  ,"293783,87",2026-01-06 09:07:00
2026,1,930078.0,1997.0,PJ,21228861000100,GRAFITA,MG,3148707,PEDRA AZUL,"450,29",t  ,"91274,68",2026-01-06 09:10:00
2026,1,831736.0,2012.0,PJ,25482167000167,CASCALHO,MG,3169703,TURMALINA,715,t  ,"143,64",2026-01-30 12:40:00
2026,1,831736.0,2012.0,PJ,25482167000167,CASCALHO,MG,3169703,TURMALINA,500,t  ,"196,21",2026-01-30 12:35:00
2026,1,831736.0,2012.0,PJ,25482167000167,CASCALHO,MG,3169703,TURMALINA,285,t  ,"72,78",2026-01-30 12:34:00
2026,1,830360.0,2018.0,PJ,27828398000105,MORGANITA,MG,3134004,ITINGA,1221,kg ,"86,18",2026-01-20 08:24:00
2026,1,830360.0,2018.0,PJ,27828398000105,QUARTZO,MG,3134004,ITINGA,"4206,6",kg ,"232,97",2026-01-20 08:15:00
2026,1,830269.0,1990.0,PJ,38564373000168,GRANITO,MG,3168606,TEÓFILO OTONI,"5541,96",t  ,"3041,23",2026-01-26 14:47:00
2026,1,831608.0,2002.0,PJ,39365754000180,GRANITO,MG,3134004,ITINGA,"35,17",m3 ,"423,13",2026-01-12 17:43:00
2026,1,830899.0,2017.0,PJ,39781309000100,GRANITO,MG,3169703,TURMALINA,"7329,59",t  ,"7136,48",2026-01-28 13:36:00
2026,1,834323.0,2007.0,PJ,48219870000182,GRANITO,MG,3156502,RUBELITA,"446,61",t  ,"21207,06",2026-01-23 17:04:00
2026,2,830490.0,2004.0,PJ,41519248000140,PEGMATITO,MG,3157005,SALINAS,"9,5",m3 ,"1050,85",2026-02-02 09:04:00
2026,2,831039.0,2012.0,PJ,10831894000115,AREIA,MG,3141801,MINAS NOVAS,450,t  ,"205,84",2026-02-12 09:30:00
2026,2,830846.0,2022.0,PJ,09029511000100,ARGILA,MG,3157005,SALINAS,630,t  ,189,2026-02-13 15:55:00
2026,2,833857.0,2011.0,PJ,12294384000181,GRANITO,MG,3168606,TEÓFILO OTONI,"160,42",t  ,"2033,96",2026-02-11 11:43:00
2026,2,831052.0,2016.0,PJ,24363339000110,AREIA,MG,3168606,TEÓFILO OTONI,120,t  ,"141,02",2026-02-24 09:40:00
2026,2,830805.0,2017.0,PJ,25102005000156,ARGILA,MG,3168606,TEÓFILO OTONI,135,t  ,"59,6",2026-02-24 08:30:00
2026,2,830805.0,2017.0,PJ,25102005000156,ARGILA,MG,3168606,TEÓFILO OTONI,173,t  ,"81,84",2026-02-24 08:27:00
2026,2,830805.0,2017.0,PJ,25102005000156,ARGILA,MG,3168606,TEÓFILO OTONI,310,t  ,"135,9",2026-02-24 13:57:00
2026,2,830805.0,2017.0,PJ,25102005000156,ARGILA,MG,3168606,TEÓFILO OTONI,160,t  ,"70,14",2026-02-24 08:31:00
2026,2,830805.0,2017.0,PJ,25102005000156,ARGILA,MG,3168606,TEÓFILO OTONI,150,t  ,"57,61",2026-02-24 08:34:00
2026,2,831415.0,2004.0,PJ,42837484000178,GRANITO,MG,3103405,ARAÇUAÍ,"440,1",m3 ,"2120,2",2026-02-18 14:46:00
2026,2,831501.0,2003.0,PJ,04867725000132,XISTO,MG,3134004,ITINGA,"1011,53",m3 ,"28462,71",2026-02-24 14:56:00
2026,2,833804.0,2008.0,PJ,25897802000177,ARGILA,MG,3169703,TURMALINA,600,t  ,90,2026-02-23 10:46:00
2026,2,831946.0,2014.0,PJ,27274085000152,QUARTZO,MG,3157005,SALINAS,"1288,1",t  ,"3106,7",2026-02-11 18:18:00
2026,2,830360.0,2018.0,PJ,27828398000105,MORGANITA,MG,3134004,ITINGA,609,kg ,"56,46",2026-02-13 16:40:00
2026,2,832358.0,2008.0,PJ,01902521000105,ARGILA,MG,3169703,TURMALINA,7750,t  ,310,2026-02-03 15:28:00
2026,2,832100.0,2006.0,PJ,03087551000122,GNAISSE,MG,3168606,TEÓFILO OTONI,8860,t  ,"128,05",2026-02-02 10:52:00
2026,2,830361.0,2023.0,PJ,03478696000154,AREIA,MG,3168606,TEÓFILO OTONI,"567,44",t  ,"247,38",2026-02-04 10:06:00
2026,2,832249.0,2021.0,PJ,06351297000116,AREIA,MG,3169703,TURMALINA,"530,4",t  ,"400,85",2026-02-20 14:47:00
2026,2,830796.0,2013.0,PJ,09554036000191,ARGILA,MG,3157005,SALINAS,870,t  ,261,2026-02-09 09:21:00
2026,2,833612.0,2013.0,PJ,09554036000191,ARGILA,MG,3157005,SALINAS,870,t  ,261,2026-02-09 09:22:00
2026,2,833611.0,2013.0,PJ,09554036000191,ARGILA,MG,3157005,SALINAS,812,t  ,"243,6",2026-02-09 09:24:00
2026,2,930078.0,1997.0,PJ,21228861000100,GRAFITA,MG,3148707,PEDRA AZUL,"437,27",t  ,"100404,82",2026-02-03 08:19:00
2026,2,930078.0,1997.0,PJ,21228861000100,GRAFITA,MG,3148707,PEDRA AZUL,"868,72",t  ,"198895,65",2026-02-03 08:16:00
2026,2,832361.0,2003.0,PJ,32567094000171,QUARTZO,MG,3139201,MALACACHETA,10000,kg ,"2268,9",2026-02-27 15:50:00
2026,2,830269.0,1990.0,PJ,38564373000168,GRANITO,MG,3168606,TEÓFILO OTONI,"6245,92",t  ,"3163,23",2026-02-18 12:21:00
2026,2,830899.0,2017.0,PJ,39781309000100,GRANITO,MG,3169703,TURMALINA,"9929,02",t  ,"10440,62",2026-02-27 13:55:00
2026,2,830367.0,2015.0,PJ,43215619000126,AREIA,MG,3133303,ITAOBIM,970,t  ,576,2026-02-05 07:09:00
2026,2,834323.0,2007.0,PJ,48219870000182,GRANITO,MG,3156502,RUBELITA,"237,64",t  ,"13102,44",2026-02-20 11:06:00
2026,3,830337.0,1979.0,PJ,18702175000106,QUARTZO,MG,3103405,ARAÇUAÍ,65200,kg ,"806,62",2026-03-04 14:32:00
2026,3,807022.0,1971.0,PJ,21624671000101,ESPODUMÊNIO,MG,3134004,ITINGA,"8991,8",t  ,"604764,06",2026-03-05 10:55:00
2026,3,803441.0,1974.0,PJ,05106351000103,FELDSPATO,MG,3134004,ITINGA,27,t  ,"65,69",2026-03-06 11:15:00
2026,3,803441.0,1974.0,PJ,05106351000103,FELDSPATO,MG,3134004,ITINGA,"146,22",t  ,"201,95",2026-03-06 11:17:00
2026,3,830770.0,2012.0,PJ,25897802000177,ARGILA,MG,3141801,MINAS NOVAS,250,t  ,"37,5",2026-03-19 09:39:00
2026,3,833804.0,2008.0,PJ,25897802000177,ARGILA,MG,3169703,TURMALINA,320,t  ,48,2026-03-19 09:42:00
2026,3,830760.0,1987.0,PJ,07959121000104,FELDSPATO,MG,3119500,CORONEL MURTA,"1646,15",t  ,"20154,02",2026-03-25 11:42:00
2026,3,835006.0,2010.0,PJ,04392500000177,AREIA,MG,3103405,ARAÇUAÍ,"884,8",t  ,"278,69",2026-03-27 09:25:00
2026,3,835006.0,2010.0,PJ,04392500000177,AREIA,MG,3103405,ARAÇUAÍ,"353,6",t  ,"150,44",2026-03-27 09:23:00
2026,3,835006.0,2010.0,PJ,04392500000177,AREIA,MG,3103405,ARAÇUAÍ,312,t  ,"209,78",2026-03-27 09:17:00
2026,3,835006.0,2010.0,PJ,04392500000177,AREIA,MG,3103405,ARAÇUAÍ,0,t  ,"179,07",2026-03-27 09:12:00
2026,3,835006.0,2010.0,PJ,04392500000177,AREIA,MG,3103405,ARAÇUAÍ,"4,48",t  ,"131,18",2026-03-27 09:13:00
2026,3,835006.0,2010.0,PJ,04392500000177,AREIA,MG,3103405,ARAÇUAÍ,400,t  ,"162,32",2026-03-27 09:15:00
2026,3,831501.0,2003.0,PJ,04867725000132,XISTO,MG,3134004,ITINGA,"943,84",m3 ,"36506,53",2026-03-24 12:07:00
2026,3,830893.0,2013.0,PJ,22108450000135,GNAISSE,MG,3157005,SALINAS,"4590,02",t  ,"2638,23",2026-03-24 11:06:00
2026,3,834323.0,2007.0,PJ,48219870000182,GRANITO,MG,3156502,RUBELITA,"505,56",t  ,"21430,79",2026-03-20 09:17:00
2026,3,832358.0,2008.0,PJ,01902521000105,ARGILA,MG,3169703,TURMALINA,3500,t  ,140,2026-03-04 13:00:00
2026,3,830361.0,2023.0,PJ,03478696000154,AREIA,MG,3168606,TEÓFILO OTONI,"502,66",t  ,"211,68",2026-03-02 09:03:00
2026,3,835006.0,2010.0,PJ,04392500000177,MINÉRIO DE OURO,MG,3103405,ARAÇUAÍ,"0,23",kg ,"2391,5",2026-03-31 15:00:00
2026,3,835006.0,2010.0,PJ,04392500000177,MINÉRIO DE OURO,MG,3103405,ARAÇUAÍ,"0,99",kg ,"10832,63",2026-03-31 15:05:00
2026,3,835006.0,2010.0,PJ,04392500000177,MINÉRIO DE OURO,MG,3103405,ARAÇUAÍ,"0,2",kg ,"2404,49",2026-03-31 15:14:00
2026,3,835006.0,2010.0,PJ,04392500000177,MINÉRIO DE OURO,MG,3103405,ARAÇUAÍ,"0,8",kg ,"8399,74",2026-03-31 15:09:00
2026,3,835006.0,2010.0,PJ,04392500000177,MINÉRIO DE OURO,MG,3103405,ARAÇUAÍ,"0,84",kg ,"8910,39",2026-03-31 15:10:00
2026,3,832249.0,2021.0,PJ,06351297000116,AREIA,MG,3169703,TURMALINA,"332,7",t  ,"331,85",2026-03-19 10:41:00
2026,3,831158.0,2021.0,PJ,12472865000130,QUARTZITO,MG,3157005,SALINAS,"42,24",m3 ,"5847,37",2026-03-11 17:28:00
2026,3,930078.0,1997.0,PJ,21228861000100,GRAFITA,MG,3148707,PEDRA AZUL,"1276,19",t  ,"257548,98",2026-03-05 08:03:00
2026,3,807022.0,1971.0,PJ,21624671000101,ESPODUMÊNIO,MG,3134004,ITINGA,"1529,81",t  ,"77887,44",2026-03-20 09:28:00
2026,3,807652.0,1973.0,PJ,21624671000101,ESPODUMÊNIO,MG,3134004,ITINGA,"483,06",t  ,"24594,28",2026-03-20 09:35:00
2026,3,831214.0,1992.0,PJ,38564373000168,AREIA,MG,3168606,TEÓFILO OTONI,"5835,73",t  ,"5739,35",2026-03-27 09:39:00
2026,3,831608.0,2002.0,PJ,39365754000180,GRANITO,MG,3134004,ITINGA,"47,06",m3 ,"1261,5",2026-03-11 09:47:00
2026,3,830367.0,2015.0,PJ,43215619000126,AREIA,MG,3133303,ITAOBIM,"793000,8",t  ,"545,8",2026-03-11 07:07:00
2026,4,832119.0,1986.0,PJ,42794263000160,FELDSPATO,MG,3157005,SALINAS,"118,5",m3 ,"7675,31",2026-04-01 11:44:00
2026,4,830490.0,2004.0,PJ,41519248000140,QUARTZO,MG,3157005,SALINAS,37000,kg ,"99,87",2026-04-08 13:17:00
2026,4,833611.0,2013.0,PJ,09554036000191,ARGILA,MG,3157005,SALINAS,"672,5",t  ,"201,75",2026-04-22 09:29:00
2026,4,830796.0,2013.0,PJ,09554036000191,ARGILA,MG,3157005,SALINAS,870,t  ,"286,19",2026-04-22 09:30:00
2026,4,830796.0,2013.0,PJ,09554036000191,ARGILA,MG,3157005,SALINAS,562,t  ,"169,34",2026-04-22 09:31:00
2026,4,833612.0,2013.0,PJ,09554036000191,ARGILA,MG,3157005,SALINAS,870,t  ,"286,19",2026-04-22 09:34:00
2026,4,833612.0,2013.0,PJ,09554036000191,ARGILA,MG,3157005,SALINAS,"561,5",t  ,"169,19",2026-04-22 09:35:00
2026,4,833612.0,2013.0,PJ,09554036000191,ARGILA,MG,3157005,SALINAS,"676,5",t  ,"202,95",2026-04-22 09:36:00
2026,4,830846.0,2022.0,PJ,09029511000100,ARGILA,MG,3157005,SALINAS,660,t  ,198,2026-04-10 14:00:00
2026,4,831424.0,2013.0,PJ,19296734000198,GRANITO,MG,3156502,RUBELITA,"99,19",t  ,"978,34",2026-04-22 14:33:00
2026,4,832169.0,1995.0,PJ,04867725000132,XISTO,MG,3134004,ITINGA,"114,44",m3 ,"5654,58",2026-04-27 12:07:00
2026,4,831501.0,2003.0,PJ,04867725000132,XISTO,MG,3134004,ITINGA,"31,86",m3 ,"4340,98",2026-04-27 12:01:00
